Line | Original | Parsed Value
------------------------------------------------------------
205 | -662732,01 | -662732.01
206 | 4320000,00 | 4320000.00
207 | 203981,52 | 203981.52
208 | 864000,00 | 864000.00
209 | 203981,52 | 203981.52
210 | 864000,00 | 864000.00
211 | 611944,68 | 611944.68
212 | 864000,00 | 864000.00
213 | 1200000,00 | 1200000.00
214 | 3360000,00 | 3360000.00
215 | 611944,68 | 611944.68
216 | 2400000,00 | 2400000.00
217 | 203981,52 | 203981.52
218 | 864000,00 | 864000.00
219 | 203981,52 | 203981.52
220 | 162247,68 | 162247.68
221 | 40561,92 | 40561.92
222 | 32449,54 | 32449.54
223 | 243371,52 | 243371.52
224 | 60842,88 | 60842.88
225 | 48674,30 | 48674.30
226 | 180000,00 | 180000.00
227 | 20000,00 | 20000.00
228 | 945000,00 | 945000.00
229 | 50995,38 | 50995.38
230 | -263062,22 | -263062.22
231 | -540000,00 | -540000.00
232 | -26306,22 | -26306.22
233 | -67993,80 | -67993.80
234 | -150000,00 | -150000.00
235 | 2160000,00 | 2160000.00
236 | 600000,00 | 600000.00
237 | 70004,00 | 70004.00
238 | 263062,22 | 263062.22
239 | 26306,22 | 26306.22
240 | 540000,00 | 540000.00
241 | 611944,68 | 611944.68
242 | 150000,00 | 150000.00
243 | 263062,22 | 263062.22
244 | 26306,22 | 26306.22
245 | 540000,00 | 540000.00
246 | 67993,80 | 67993.80
247 | 150000,00 | 150000.00
248 | 12000,00 | 12000.00
249 | -540000,00 | -540000.00
250 | -67993,80 | -67993.80
251 | 67993,80 | 67993.80
252 | -540000,00 | -540000.00
253 | -203981,52 | -203981.52
254 | 67993,80 | 67993.80
255 | 203981,52 | 203981.52
256 | 864000,00 | 864000.00
257 | 67993,80 | 67993.80
258 | 864000,00 | 864000.00
259 | 203981,52 | 203981.52
260 | 3360000,00 | 3360000.00
261 | 203981,52 | 203981.52
262 | 2400000,00 | 2400000.00
263 | 203981,52 | 203981.52
264 | 203981,52 | 203981.52
265 | 540000,00 | 540000.00
266 | 67993,80 | 67993.80
267 | 203981,52 | 203981.52
268 | 203981,52 | 203981.52
269 | 203981,52 | 203981.52
270 | 203981,52 | 203981.52
271 | 100000,00 | 100000.00
272 | 203981,52 | 203981.52
273 | 203981,52 | 203981.52
274 | 203981,52 | 203981.52
275 | 611944,68 | 611944.68
276 | 360000,00 | 360000.00
277 | 321843,67 | 321843.67
278 | 212422,35 | 212422.35
279 | 108000,00 | 108000.00
280 | 1600000,00 | 1600000.00
281 | 203981,52 | 203981.52
282 | 203981,52 | 203981.52
283 | 67993,80 | 67993.80
284 | -19774,90 | -19774.90
285 | 53798,31 | 53798.31
286 | 45000,00 | 45000.00
287 | 36000,00 | 36000.00
288 | 36000,00 | 36000.00
289 | 89952,24 | 89952.24
290 | 17744,94 | 17744.94
291 | 252,09 | 252.09
292 | 67993,80 | 67993.80
293 | 67993,80 | 67993.80
294 | 203981,52 | 203981.52
295 | 120000,00 | 120000.00
296 | 540000,00 | 540000.00
297 | 611944,68 | 611944.68
298 | 19774,90 | 19774.90
299 | 864000,00 | 864000.00
300 | 864000,00 | 864000.00
301 | 864000,00 | 864000.00
302 | -32698,52 | -32698.52
303 | -9626,40 | -9626.40
304 | -14000,00 | -14000.00
305 | -8000,00 | -8000.00
306 | -60000,00 | -60000.00
307 | -36281,30 | -36281.30
308 | 1224191,64 | 1224191.64
309 | 203981,52 | 203981.52
310 | 540000,00 | 540000.00
311 | 611944,68 | 611944.68
312 | 450000,00 | 450000.00
313 | 10800000,00 | 10800000.00
314 | 203981,52 | 203981.52
315 | 168000,00 | 168000.00
316 | 203981,52 | 203981.52
317 | 203981,52 | 203981.52
318 | 203981,52 | 203981.52
319 | 111650,00 | 111650.00
320 | 16649,90 | 16649.90
321 | 33791,88 | 33791.88
322 | 22585,88 | 22585.88
323 | 943,95 | 943.95
324 | 3200,00 | 3200.00
325 | 8000,00 | 8000.00
326 | 80871,72 | 80871.72
327 | 102015,97 | 102015.97
328 | 186983,06 | 186983.06
329 | 495000,00 | 495000.00
330 | 11600,00 | 11600.00
331 | 2900,00 | 2900.00
332 | 2320,00 | 2320.00
333 | 20000,00 | 20000.00
334 | 203981,52 | 203981.52
335 | 200000,00 | 200000.00
336 | 5800,00 | 5800.00
337 | 1450,00 | 1450.00
338 | 1160,00 | 1160.00
339 | 20000,00 | 20000.00
340 | 33791,88 | 33791.88
341 | 8000,00 | 8000.00
342 | 32698,52 | 32698.52
343 | 9626,40 | 9626.40
344 | 14000,00 | 14000.00
345 | 8000,00 | 8000.00
346 | 60000,00 | 60000.00
347 | 36281,30 | 36281.30
348 | 32698,52 | 32698.52
349 | 1540,00 | 1540.00
350 | 72000,00 | 72000.00
351 | 50000,00 | 50000.00
352 | 39709,64 | 39709.64
353 | 200000,00 | 200000.00
354 | 90000,00 | 90000.00
355 | 33996,92 | 33996.92
356 | 90000,00 | 90000.00
357 | 11332,30 | 11332.30
358 | 90000,00 | 90000.00
359 | 33996,92 | 33996.92
360 | 90000,00 | 90000.00
361 | 11332,10 | 11332.10
362 | 10150,00 | 10150.00
363 | 6188,00 | 6188.00
364 | 23200,00 | 23200.00
365 | 90000,00 | 90000.00
366 | 339969,20 | 339969.20
367 | 67993,80 | 67993.80
368 | 45000,00 | 45000.00
369 | 36000,00 | 36000.00
370 | 36000,00 | 36000.00
371 | 2142,00 | 2142.00
372 | 60000,00 | 60000.00
373 | 17932,77 | 17932.77
374 | 93220,38 | 93220.38
375 | 150000,00 | 150000.00
376 | 408063,88 | 408063.88
377 | 300641,74 | 300641.74
378 | 150000,00 | 150000.00
379 | 8700,00 | 8700.00
380 | 87000,00 | 87000.00
381 | 200000,00 | 200000.00
382 | 611944,68 | 611944.68
383 | 14650,90 | 14650.90
384 | 90000,00 | 90000.00
385 | 152986,14 | 152986.14
386 | 203981,52 | 203981.52
387 | 864000,00 | 864000.00
388 | 611944,68 | 611944.68
389 | -8291,15 | -8291.15
390 | 203981,52 | 203981.52
391 | 44999,82 | 44999.82
392 | 44999,82 | 44999.82
393 | 44999,82 | 44999.82
394 | 44999,82 | 44999.82
395 | 16998,39 | 16998.39
396 | 16998,39 | 16998.39
397 | 16998,39 | 16998.39
398 | 16998,39 | 16998.39
399 | 611944,68 | 611944.68
400 | 67993,80 | 67993.80
401 | 0,00 | 0.00
402 | 2872991,16 | 2872991.16
403 | 1800000,00 | 1800000.00
404 | 33996,92 | 33996.92
405 | 360000,00 | 360000.00
406 | 252095,82 | 252095.82
407 | 93491,55 | 93491.55
408 | 300000,00 | 300000.00
409 | 67993,84 | 67993.84
410 | 1800000,00 | 1800000.00
411 | 124655,40 | 124655.40
412 | 400000,00 | 400000.00
413 | 240000,00 | 240000.00
414 | 168063,88 | 168063.88
415 | 124655,40 | 124655.40
416 | 400000,00 | 400000.00
417 | 63553,11 | 63553.11
418 | 336000,00 | 336000.00
419 | 20000,00 | 20000.00
420 | -1057500,00 | -1057500.00
421 | -417237,50 | -417237.50
422 | -50370,00 | -50370.00
423 | -116380,85 | -116380.85
424 | 75028,00 | 75028.00
425 | 1057500,00 | 1057500.00
426 | 417237,50 | 417237.50
427 | 50370,00 | 50370.00
428 | 116380,85 | 116380.85
429 | 203981,52 | 203981.52
430 | 3240000,00 | 3240000.00
431 | 373966,20 | 373966.20
432 | 1200000,00 | 1200000.00
433 | 1200000,00 | 1200000.00
434 | 124655,40 | 124655.40
435 | 1200000,00 | 1200000.00
436 | 305972,34 | 305972.34
437 | 600000,00 | 600000.00
438 | 101990,76 | 101990.76
439 | 600000,00 | 600000.00
440 | -611944,56 | -611944.56
441 | 1200000,00 | 1200000.00
442 | 668750,00 | 668750.00
443 | 15000,00 | 15000.00
444 | 585000,00 | 585000.00
445 | 180000,00 | 180000.00
446 | 126047,90 | 126047.90
447 | 540000,00 | 540000.00
448 | 1436967,23 | 1436967.23
449 | 238000,00 | 238000.00
450 | 3240000,00 | 3240000.00
451 | 2540929,20 | 2540929.20
452 | 246477,72 | 246477.72
453 | 120000,00 | 120000.00
454 | 84031,93 | 84031.93
455 | 100000,00 | 100000.00
456 | 100000,00 | 100000.00
457 | 100000,00 | 100000.00
458 | 100000,00 | 100000.00
459 | 1800000,00 | 1800000.00
460 | 270000,00 | 270000.00
461 | 270000,00 | 270000.00
462 | 270000,00 | 270000.00
463 | 270000,00 | 270000.00
464 | 611944,56 | 611944.56
465 | -180000,00 | -180000.00
466 | 48000,00 | 48000.00
467 | 72000,00 | 72000.00
468 | 144000,00 | 144000.00
469 | 400000,00 | 400000.00
470 | 67993,80 | 67993.80
471 | 203981,40 | 203981.40
472 | 611944,56 | 611944.56
473 | 600000,00 | 600000.00
474 | 203981,40 | 203981.40
475 | 600000,00 | 600000.00
476 | 101990,76 | 101990.76
477 | 1200000,00 | 1200000.00
478 | 611944,56 | 611944.56
479 | 1121898,48 | 1121898.48
480 | 1200000,00 | 1200000.00
481 | 492191,60 | 492191.60
482 | 100000,00 | 100000.00
483 | 520000,00 | 520000.00
484 | 1200000,00 | 1200000.00
485 | 600000,00 | 600000.00
486 | 101990,76 | 101990.76
487 | 400000,00 | 400000.00
488 | 13500000,00 | 13500000.00
489 | 305972,34 | 305972.34
490 | 263062,22 | 263062.22
491 | 300000,00 | 300000.00
492 | 810000,00 | 810000.00
493 | 360000,00 | 360000.00
494 | 252095,80 | 252095.80
495 | 200000,00 | 200000.00
496 | 82031,93 | 82031.93
497 | 2700000,00 | 2700000.00
498 | 410159,66 | 410159.66
499 | 300000,00 | 300000.00
500 | 123047,90 | 123047.90
501 | 369744,54 | 369744.54
502 | 1200000,00 | 1200000.00
503 | 180000,00 | 180000.00
504 | 126047,90 | 126047.90
505 | 240513,40 | 240513.40
506 | -203981,51 | -203981.51
507 | -3240000,00 | -3240000.00
508 | 249310,80 | 249310.80
509 | 4800000,00 | 4800000.00
510 | 306047,91 | 306047.91
511 | 612095,82 | 612095.82
512 | 124655,39 | 124655.39
513 | 3240000,00 | 3240000.00
514 | 203981,51 | 203981.51
515 | 1200000,00 | 1200000.00
516 | 203981,51 | 203981.51
517 | 1200000,00 | 1200000.00
518 | 432000,00 | 432000.00
519 | 203981,51 | 203981.51
520 | 3240000,00 | 3240000.00
521 | 1200000,00 | 1200000.00
522 | 306047,91 | 306047.91
523 | 1190185,50 | 1190185.50
524 | 249310,80 | 249310.80
525 | 3600000,00 | 3600000.00
526 | 600000,00 | 600000.00
527 | 246477,72 | 246477.72
528 | 3240000,00 | 3240000.00
529 | 18000,00 | 18000.00
530 | 18000,00 | 18000.00
531 | 540000,00 | 540000.00
532 | 203981,52 | 203981.52
533 | 3240000,00 | 3240000.00
534 | 108000,00 | 108000.00
535 | 30000,00 | 30000.00
536 | 102015,97 | 102015.97
537 | 1121898,48 | 1121898.48
538 | 3240000,00 | 3240000.00
539 | 246477,72 | 246477.72
540 | 1200000,00 | 1200000.00
541 | 246477,72 | 246477.72
542 | 1200000,00 | 1200000.00
543 | 1224191,64 | 1224191.64
544 | 43500,00 | 43500.00
545 | 17400,00 | 17400.00
546 | 11600,00 | 11600.00
547 | 31155,00 | 31155.00
548 | 16069,54 | 16069.54
549 | 30000,00 | 30000.00
550 | 1200,00 | 1200.00
551 | 102015,97 | 102015.97
552 | 91814,31 | 91814.31
553 | 75548,00 | 75548.00
554 | 891000,00 | 891000.00
555 | 152986,14 | 152986.14
556 | 2430000,00 | 2430000.00
557 | 4506074,78 | 4506074.78
558 | 58000,00 | 58000.00
559 | 34800,00 | 34800.00
560 | 40600,00 | 40600.00
561 | 44660,00 | 44660.00
562 | 16071,50 | 16071.50
563 | 54000,00 | 54000.00
564 | 184858,26 | 184858.26
565 | 300000,00 | 300000.00
566 | 61619,43 | 61619.43
567 | 300000,00 | 300000.00
568 | 306047,91 | 306047.91
569 | 18000,00 | 18000.00
570 | 554574,78 | 554574.78
571 | 900000,00 | 900000.00
572 | 31163,85 | 31163.85
573 | 810000,00 | 810000.00
574 | 14800,00 | 14800.00
575 | 103750,00 | 103750.00
576 | 66700,00 | 66700.00
577 | 69600,00 | 69600.00
578 | 41540,00 | 41540.00
579 | 50926,84 | 50926.84
580 | 210334,10 | 210334.10
581 | 150000,00 | 150000.00
582 | 263062,22 | 263062.22
583 | 150000,00 | 150000.00
584 | 263062,22 | 263062.22
585 | 124655,40 | 124655.40
586 | 3240000,00 | 3240000.00
587 | 150000,00 | 150000.00
588 | 263062,22 | 263062.22
589 | 5164567,65 | 5164567.65
590 | 1927810,63 | 1927810.63
591 | 54375,00 | 54375.00
592 | 21750,00 | 21750.00
593 | 11600,00 | 11600.00
594 | 417600,00 | 417600.00
595 | 39848,00 | 39848.00
596 | 319000,00 | 319000.00
597 | 5800,00 | 5800.00
598 | 219164,00 | 219164.00
599 | 25463,42 | 25463.42
600 | 1224191,60 | 1224191.60
601 | 31163,85 | 31163.85
602 | 810000,00 | 810000.00
603 | 3288238,96 | 3288238.96
604 | 61619,43 | 61619.43
605 | 300000,00 | 300000.00
606 | 120000,04 | 120000.04
607 | 84031,90 | 84031.90
608 | 1028406,94 | 1028406.94
609 | 1100000,00 | 1100000.00
610 | 33791,88 | 33791.88
611 | 400000,04 | 400000.04
612 | 84031,90 | 84031.90
613 | 360000,12 | 360000.12
614 | 252095,70 | 252095.70
615 | 10000,00 | 10000.00
616 | 7900,00 | 7900.00
617 | 7900,00 | 7900.00
618 | 7900,00 | 7900.00
619 | 12000,00 | 12000.00
620 | 12000,00 | 12000.00
621 | 12000,00 | 12000.00
622 | 120000,04 | 120000.04
623 | 84031,90 | 84031.90
624 | 720000,24 | 720000.24
625 | 504191,40 | 504191.40
626 | 4000,00 | 4000.00
627 | 124655,40 | 124655.40
628 | 3240000,00 | 3240000.00
629 | 373966,20 | 373966.20
630 | 1200000,00 | 1200000.00
631 | 1200000,00 | 1200000.00
632 | 203981,52 | 203981.52
633 | 1200000,00 | 1200000.00
634 | 25600,00 | 25600.00
635 | 240000,08 | 240000.08
636 | 168063,80 | 168063.80
637 | 240000,08 | 240000.08
638 | 168063,80 | 168063.80
639 | 120000,04 | 120000.04
640 | 84031,90 | 84031.90
641 | 21000,00 | 21000.00
642 | 1302,00 | 1302.00
643 | 4500,00 | 4500.00
644 | 3600,00 | 3600.00
645 | 5250,00 | 5250.00
646 | 59622,50 | 59622.50
647 | 24174,17 | 24174.17
648 | 18000,00 | 18000.00
649 | 36093,34 | 36093.34
650 | 42000,00 | 42000.00
651 | 84375,00 | 84375.00
652 | 42000,00 | 42000.00
653 | 1200,00 | 1200.00
654 | 2025,00 | 2025.00
655 | 2100,00 | 2100.00
656 | 7200,00 | 7200.00
657 | 6000,00 | 6000.00
658 | 1221,00 | 1221.00
659 | 3645,00 | 3645.00
660 | 120000,04 | 120000.04
661 | 84031,90 | 84031.90
662 | 60000,00 | 60000.00
663 | 578500,00 | 578500.00
664 | 100000,00 | 100000.00
665 | 64662,00 | 64662.00
666 | 60000,00 | 60000.00
667 | 291083,00 | 291083.00
668 | 1200000,00 | 1200000.00
669 | 120000,04 | 120000.04
670 | 84031,90 | 84031.90
671 | 120000,04 | 120000.04
672 | 84031,90 | 84031.90
673 | 40000,00 | 40000.00
674 | 120000,04 | 120000.04
675 | 84031,90 | 84031.90
676 | 120000,04 | 120000.04
677 | 84031,90 | 84031.90
678 | 120000,04 | 120000.04
679 | 84031,90 | 84031.90
680 | 120000,04 | 120000.04
681 | 84031,90 | 84031.90
682 | 400000,04 | 400000.04
683 | 84031,90 | 84031.90
684 | 200000,00 | 200000.00
685 | 82031,94 | 82031.94
686 | 12000,00 | 12000.00
687 | 12000,00 | 12000.00
688 | 12000,00 | 12000.00
689 | 90200,00 | 90200.00
690 | 203981,52 | 203981.52
691 | 7800000,00 | 7800000.00
692 | 1680000,00 | 1680000.00
693 | 1680000,00 | 1680000.00
694 | 6000,00 | 6000.00
695 | 10180800,00 | 10180800.00
696 | 144000,00 | 144000.00
697 | 228000,00 | 228000.00
698 | 1425000,00 | 1425000.00
699 | 303000,00 | 303000.00
700 | 162000,00 | 162000.00
701 | 120000,00 | 120000.00
702 | 450000,00 | 450000.00
703 | 117000,00 | 117000.00
704 | 54000,00 | 54000.00
705 | 51000,00 | 51000.00
706 | 609000,00 | 609000.00
707 | 127500,00 | 127500.00
708 | 7535621,32 | 7535621.32
709 | 648000,00 | 648000.00
710 | 3250000,00 | 3250000.00
711 | 727200,00 | 727200.00
712 | 878700,00 | 878700.00
713 | 212100,00 | 212100.00
714 | 393900,00 | 393900.00
715 | 8726400,00 | 8726400.00
716 | 39600,00 | 39600.00
717 | 373966,20 | 373966.20
718 | 3240000,00 | 3240000.00
719 | 203981,52 | 203981.52
720 | 3240000,00 | 3240000.00
721 | 611944,68 | 611944.68
722 | 3240000,00 | 3240000.00
723 | 31200000,00 | 31200000.00
724 | 611944,68 | 611944.68
725 | 1800000,00 | 1800000.00
726 | 20775,90 | 20775.90
727 | 8000,00 | 8000.00
728 | 30000,00 | 30000.00
729 | 203981,52 | 203981.52
730 | 1200000,00 | 1200000.00
731 | 12000,00 | 12000.00
732 | 18000000,00 | 18000000.00
733 | 611944,68 | 611944.68
734 | 100000,00 | 100000.00
735 | 12000,00 | 12000.00
736 | 263062,22 | 263062.22
737 | 162477,14 | 162477.14
738 | 64662,00 | 64662.00
739 | 60000,00 | 60000.00
740 | 40000,00 | 40000.00
741 | 291083,00 | 291083.00
742 | 150000,00 | 150000.00
743 | 1121898,48 | 1121898.48
744 | 1200000,00 | 1200000.00
745 | 8800,00 | 8800.00
746 | 659994,00 | 659994.00
747 | 42581,06 | 42581.06
748 | 33791,88 | 33791.88
749 | 33791,88 | 33791.88
750 | 42581,06 | 42581.06
751 | 8800,00 | 8800.00
752 | 57523,29 | 57523.29
753 | 219998,00 | 219998.00
754 | 219998,00 | 219998.00
755 | 219998,00 | 219998.00
756 | 33791,88 | 33791.88
757 | 263062,22 | 263062.22
758 | 156797,05 | 156797.05
759 | 320154,00 | 320154.00
760 | 20000,16 | 20000.16
761 | 14400,08 | 14400.08
762 | 28800,24 | 28800.24
763 | 18800,16 | 18800.16
764 | 21200,16 | 21200.16
765 | 263062,22 | 263062.22
766 | 33791,88 | 33791.88
767 | 325748,76 | 325748.76
768 | 122175,45 | 122175.45
769 | 33791,88 | 33791.88
770 | 263062,22 | 263062.22
771 | 145897,46 | 145897.46
772 | 185071,59 | 185071.59
773 | 181655,40 | 181655.40
774 | 44500,00 | 44500.00
775 | 33791,88 | 33791.88
776 | 368392,16 | 368392.16
777 | 235725,00 | 235725.00
778 | 203981,52 | 203981.52
779 | 59600,00 | 59600.00
780 | 45000,00 | 45000.00
781 | 16998,46 | 16998.46
782 | 161609,00 | 161609.00
783 | 60000,00 | 60000.00
784 | 496461,00 | 496461.00
785 | 33791,88 | 33791.88
786 | 60172,50 | 60172.50
787 | 395746,13 | 395746.13
788 | 792000,00 | 792000.00
789 | 560949,29 | 560949.29
790 | 509953,90 | 509953.90
791 | 4400,00 | 4400.00
792 | 4400,00 | 4400.00
793 | 16998,39 | 16998.39
794 | 16998,39 | 16998.39
795 | 16998,39 | 16998.39
796 | 16998,39 | 16998.39
797 | 33791,88 | 33791.88
798 | 263062,22 | 263062.22
799 | 399746,20 | 399746.20
800 | 203981,40 | 203981.40
801 | 0,00 | 0.00
802 | 67993,80 | 67993.80
803 | 67993,80 | 67993.80
804 | 203981,51 | 203981.51
805 | 203981,51 | 203981.51
806 | 203981,51 | 203981.51
807 | 203981,51 | 203981.51
808 | 181609,00 | 181609.00
809 | 203981,51 | 203981.51
810 | 203981,51 | 203981.51
811 | 263062,22 | 263062.22
812 | 150000,00 | 150000.00
813 | 33791,88 | 33791.88
814 | 385109,31 | 385109.31
815 | 33791,88 | 33791.88
816 | 680125,74 | 680125.74
817 | 634846,50 | 634846.50
818 | 263062,22 | 263062.22
819 | 72000,00 | 72000.00
820 | 50995,39 | 50995.39
821 | 150000,00 | 150000.00
822 | 203981,52 | 203981.52
823 | 67993,80 | 67993.80
824 | 203981,52 | 203981.52
825 | 611944,68 | 611944.68
826 | 373966,20 | 373966.20
827 | 6720000,00 | 6720000.00
828 | 6048000,00 | 6048000.00
829 | 480000,00 | 480000.00
830 | 203981,52 | 203981.52
831 | 67993,80 | 67993.80
832 | 150000,00 | 150000.00
833 | 30077,78 | 30077.78
834 | 6015,56 | 6015.56
835 | 1121898,48 | 1121898.48
836 | 360000,00 | 360000.00
837 | 60000,00 | 60000.00
838 | 100000,00 | 100000.00
839 | 343620,00 | 343620.00
840 | 6137,25 | 6137.25
841 | 1540,00 | 1540.00
842 | 112500,00 | 112500.00
843 | 17250,00 | 17250.00
844 | 15015,00 | 15015.00
845 | 6230,00 | 6230.00
846 | 31625,00 | 31625.00
847 | 13152,50 | 13152.50
848 | 28750,00 | 28750.00
849 | 25000,00 | 25000.00
850 | 24150,00 | 24150.00
851 | 1750,00 | 1750.00
852 | 1250,00 | 1250.00
853 | 5625,00 | 5625.00
854 | 11250,00 | 11250.00
855 | 2170,00 | 2170.00
856 | 33750,00 | 33750.00
857 | 2812,50 | 2812.50
858 | 6562,50 | 6562.50
859 | 2330,40 | 2330.40
860 | 1000,00 | 1000.00
861 | 13329,00 | 13329.00
862 | 6641,25 | 6641.25
863 | 142874,08 | 142874.08
864 | 203981,52 | 203981.52
865 | 1200000,00 | 1200000.00
866 | 203981,52 | 203981.52
867 | 33996,92 | 33996.92
868 | 33996,92 | 33996.92
869 | 33996,92 | 33996.92
870 | 200000,00 | 200000.00
871 | 11332,30 | 11332.30
872 | 101990,78 | 101990.78
873 | 33996,92 | 33996.92
874 | 33996,92 | 33996.92
875 | 33996,92 | 33996.92
876 | 200000,00 | 200000.00
877 | 11332,30 | 11332.30
878 | 101990,78 | 101990.78
879 | 1200000,00 | 1200000.00
880 | 150000,00 | 150000.00
881 | 1920000,00 | 1920000.00
882 | 1121898,48 | 1121898.48
883 | 150000,00 | 150000.00
884 | 38033,46 | 38033.46
885 | 7606,69 | 7606.69
886 | 203981,52 | 203981.52
887 | 29880,00 | 29880.00
888 | 30030,00 | 30030.00
889 | 27395,00 | 27395.00
890 | 63250,00 | 63250.00
891 | 5000,00 | 5000.00
892 | 60000,00 | 60000.00
893 | 500,00 | 500.00
894 | 1250,00 | 1250.00
895 | 3750,00 | 3750.00
896 | 2170,00 | 2170.00
897 | 30187,50 | 30187.50
898 | 6075,00 | 6075.00
899 | 506,25 | 506.25
900 | 1181,25 | 1181.25
901 | 3884,00 | 3884.00
902 | 13329,00 | 13329.00
903 | 24840,00 | 24840.00
904 | 3105,00 | 3105.00
905 | 302296,82 | 302296.82
906 | 22500,00 | 22500.00
907 | 4500,00 | 4500.00
908 | 10000,00 | 10000.00
909 | 14087,50 | 14087.50
910 | 1540,00 | 1540.00
911 | 96300,00 | 96300.00
912 | 36915,00 | 36915.00
913 | 30030,00 | 30030.00
914 | 17256,25 | 17256.25
915 | 16250,00 | 16250.00
916 | 1000,00 | 1000.00
917 | 180000,00 | 180000.00
918 | 249000,00 | 249000.00
919 | 24075,00 | 24075.00
920 | 2006,25 | 2006.25
921 | 4681,25 | 4681.25
922 | 15536,00 | 15536.00
923 | 1000,00 | 1000.00
924 | 111075,00 | 111075.00
925 | 15750,00 | 15750.00
926 | 163300,45 | 163300.45
927 | 72000,00 | 72000.00
928 | 373966,20 | 373966.20
929 | -124655,40 | -124655.40
930 | 659994,00 | 659994.00
931 | 67993,80 | 67993.80
932 | 67993,80 | 67993.80
933 | 67993,80 | 67993.80
934 | 203981,52 | 203981.52
935 | 67993,80 | 67993.80
936 | 203981,52 | 203981.52
937 | 67993,80 | 67993.80
938 | 203981,52 | 203981.52
939 | 203981,52 | 203981.52
940 | 158643,30 | 158643.30
941 | 31728,66 | 31728.66
942 | 659994,00 | 659994.00
943 | 52881,10 | 52881.10
944 | 10576,22 | 10576.22
945 | 52880,10 | 52880.10
946 | 150000,00 | 150000.00
947 | 315674,66 | 315674.66
948 | 66142,73 | 66142.73
949 | 956700,00 | 956700.00
950 | 120000,00 | 120000.00
951 | 768000,00 | 768000.00
952 | 96000,00 | 96000.00
953 | 192000,00 | 192000.00
954 | 288000,00 | 288000.00
955 | 96000,00 | 96000.00
956 | 192000,00 | 192000.00
957 | 659994,00 | 659994.00
958 | 192000,00 | 192000.00
959 | 160000,00 | 160000.00
960 | 83614,90 | 83614.90
961 | 99931,39 | 99931.39
962 | 87975,07 | 87975.07
963 | 305972,34 | 305972.34
964 | 659994,00 | 659994.00
965 | 219998,00 | 219998.00
966 | 124655,40 | 124655.40
967 | 720000,24 | 720000.24
968 | 504191,40 | 504191.40
969 | 67993,80 | 67993.80
970 | 67993,80 | 67993.80
971 | 124655,40 | 124655.40
972 | -611944,68 | -611944.68
973 | 373966,20 | 373966.20
974 | 67993,80 | 67993.80
975 | 67993,80 | 67993.80
976 | 1620000,00 | 1620000.00
977 | 2700000,00 | 2700000.00
978 | 1499994,00 | 1499994.00
979 | 816000,00 | 816000.00
980 | 144000,00 | 144000.00
981 | 659994,00 | 659994.00
982 | 1785708,00 | 1785708.00
983 | 5983320,00 | 5983320.00
984 | 1499999,94 | 1499999.94
985 | 270000,00 | 270000.00
986 | 270000,00 | 270000.00
987 | 270000,00 | 270000.00
988 | 67993,80 | 67993.80
989 | 203981,52 | 203981.52
990 | 82159,20 | 82159.20
991 | 124655,40 | 124655.40
992 | 12000,00 | 12000.00
993 | 659994,00 | 659994.00
994 | 600000,00 | 600000.00
995 | 203981,52 | 203981.52
996 | 611944,68 | 611944.68
997 | 1620000,00 | 1620000.00
998 | 600000,00 | 600000.00
999 | 36000,00 | 36000.00
1000 | 611944,68 | 611944.68
1001 | 600000,00 | 600000.00
1002 | 373966,20 | 373966.20
1003 | 600000,00 | 600000.00
1004 | 1620000,00 | 1620000.00
1005 | 203981,52 | 203981.52
1006 | 600000,00 | 600000.00
1007 | 203981,52 | 203981.52
1008 | 36000,00 | 36000.00
1009 | 4000,00 | 4000.00
1010 | 13200,00 | 13200.00
1011 | 203981,52 | 203981.52
1012 | 611944,68 | 611944.68
1013 | 611944,68 | 611944.68
1014 | 659994,00 | 659994.00
1015 | 600000,00 | 600000.00
1016 | 600000,00 | 600000.00
1017 | 1620000,00 | 1620000.00
1018 | 270000,00 | 270000.00
1019 | 270000,00 | 270000.00
1020 | 270000,00 | 270000.00
1021 | 540000,00 | 540000.00
1022 | 611944,68 | 611944.68
1023 | 16000,00 | 16000.00
1024 | 540000,00 | 540000.00
1025 | 600000,00 | 600000.00
1026 | 611944,68 | 611944.68
1027 | 10000,00 | 10000.00
1028 | 20000,00 | 20000.00
1029 | 67993,80 | 67993.80
1030 | 1620000,00 | 1620000.00
1031 | 1800000,00 | 1800000.00
1032 | 10000,00 | 10000.00
1033 | 600000,00 | 600000.00
1034 | 611944,68 | 611944.68
1035 | 600000,00 | 600000.00
1036 | 1620000,00 | 1620000.00
1037 | 600000,00 | 600000.00
1038 | 67993,80 | 67993.80
1039 | 611944,68 | 611944.68
1040 | 203981,52 | 203981.52
1041 | 203981,52 | 203981.52
1042 | 203981,52 | 203981.52
1043 | 600000,00 | 600000.00
1044 | 67993,80 | 67993.80
1045 | 203981,52 | 203981.52
1046 | 600000,00 | 600000.00
1047 | 203981,52 | 203981.52
1048 | 8000000,00 | 8000000.00
1049 | 120000,00 | 120000.00
1050 | 203981,52 | 203981.52
1051 | 203981,52 | 203981.52
1052 | 8000,00 | 8000.00
1053 | 540000,00 | 540000.00
1054 | 203981,52 | 203981.52
1055 | 373966,20 | 373966.20
1056 | 67993,80 | 67993.80
1057 | 67993,80 | 67993.80
1058 | 813887,94 | 813887.94
1059 | 960000,00 | 960000.00
1060 | 203981,52 | 203981.52
1061 | 960000,00 | 960000.00
1062 | 203981,52 | 203981.52
1063 | 960000,00 | 960000.00
1064 | 203981,52 | 203981.52
1065 | 960000,00 | 960000.00
1066 | 203981,52 | 203981.52
1067 | 960000,00 | 960000.00
1068 | 203981,52 | 203981.52
1069 | 960000,00 | 960000.00
1070 | 203981,52 | 203981.52
1071 | 960000,00 | 960000.00
1072 | 203981,52 | 203981.52
1073 | 960000,00 | 960000.00
1074 | 203981,52 | 203981.52
1075 | 621137,88 | 621137.88
1076 | 1200000,00 | 1200000.00
1077 | 150000,00 | 150000.00
1078 | 373966,20 | 373966.20
1079 | 533487,34 | 533487.34
1080 | 390000,00 | 390000.00
1081 | 150000,00 | 150000.00
1082 | 45640,14 | 45640.14
1083 | 3900,00 | 3900.00
1084 | 373966,20 | 373966.20
1085 | 124655,40 | 124655.40
1086 | 5000,22 | 5000.22
1087 | 6500,33 | 6500.33
1088 | 5500,22 | 5500.22
1089 | 6000,22 | 6000.22
1090 | 300,00 | 300.00
1091 | 9200,44 | 9200.44
1092 | 1200000,00 | 1200000.00
1093 | 320975,34 | 320975.34
1094 | 1465998,11 | 1465998.11
1095 | 278865,28 | 278865.28
1096 | 66028,80 | 66028.80
1097 | 132000,00 | 132000.00
1098 | 10387,95 | 10387.95
1099 | 10387,95 | 10387.95
1100 | 10387,95 | 10387.95
1101 | 10387,95 | 10387.95
1102 | 10387,95 | 10387.95
1103 | 10387,95 | 10387.95
1104 | 10387,95 | 10387.95
1105 | 10387,95 | 10387.95
1106 | -203861,52 | -203861.52
1107 | -540000,00 | -540000.00
1108 | -40000,00 | -40000.00
1109 | 240000,00 | 240000.00
1110 | 180000,00 | 180000.00
1111 | 126047,90 | 126047.90
1112 | 4500000,00 | 4500000.00
1113 | 864000,00 | 864000.00
1114 | 67993,80 | 67993.80
1115 | 40000,00 | 40000.00
1116 | 373966,20 | 373966.20
1117 | -373966,20 | -373966.20
1118 | 1200000,00 | 1200000.00
1119 | 252095,80 | 252095.80
1120 | 31200000,00 | 31200000.00
1121 | 611944,68 | 611944.68
1122 | 360000,00 | 360000.00
1123 | 5400000,00 | 5400000.00
1124 | 373966,20 | 373966.20
1125 | 11338593,63 | 11338593.63
1126 | 263062,22 | 263062.22
1127 | 20000,00 | 20000.00
1128 | 1748689,33 | 1748689.33
1129 | 203861,52 | 203861.52
1130 | 540000,00 | 540000.00
1131 | 40000,00 | 40000.00
1132 | 373966,20 | 373966.20
1133 | 203861,52 | 203861.52
1134 | 864000,00 | 864000.00
1135 | 40000,00 | 40000.00
1136 | 67993,80 | 67993.80
1137 | 864000,00 | 864000.00
1138 | 40000,00 | 40000.00
1139 | 67993,80 | 67993.80
1140 | 864000,00 | 864000.00
1141 | 40000,00 | 40000.00
1142 | 611944,56 | 611944.56
1143 | 720000,00 | 720000.00
1144 | 504191,60 | 504191.60
1145 | 720000,00 | 720000.00
1146 | 504191,60 | 504191.60
1147 | 720000,00 | 720000.00
1148 | 504191,60 | 504191.60
1149 | 180000,00 | 180000.00
1150 | 126047,90 | 126047.90
1151 | 180000,00 | 180000.00
1152 | 126047,90 | 126047.90
1153 | 180000,00 | 180000.00
1154 | 126047,90 | 126047.90
1155 | 2400000,00 | 2400000.00
1156 | 504191,60 | 504191.60
1157 | 720000,00 | 720000.00
1158 | 504191,60 | 504191.60
1159 | 720000,00 | 720000.00
1160 | 504191,60 | 504191.60
1161 | 1200000,00 | 1200000.00
1162 | 1835834,04 | 1835834.04
1163 | 611584,56 | 611584.56
1164 | 720000,00 | 720000.00
1165 | 504191,60 | 504191.60
1166 | 611584,56 | 611584.56
1167 | 13500000,00 | 13500000.00
1168 | 1327247,80 | 1327247.80
1169 | 720000,00 | 720000.00
1170 | 504191,60 | 504191.60
1171 | 720000,00 | 720000.00
1172 | 504191,60 | 504191.60
1173 | 360000,00 | 360000.00
1174 | 252095,80 | 252095.80
1175 | 720000,00 | 720000.00
1176 | 504191,60 | 504191.60
1177 | 72000,00 | 72000.00
1178 | 72000,00 | 72000.00
1179 | 611584,56 | 611584.56
1180 | 180000,00 | 180000.00
1181 | 126047,90 | 126047.90
1182 | 180000,00 | 180000.00
1183 | 126047,90 | 126047.90
1184 | 33791,88 | 33791.88
1185 | 10080,00 | 10080.00
1186 | 15000,00 | 15000.00
1187 | 33791,88 | 33791.88
1188 | 64500,00 | 64500.00
1189 | 15000,00 | 15000.00
1190 | 46080,00 | 46080.00
1191 | 15000,00 | 15000.00
1192 | 20700,00 | 20700.00
1193 | 18018,00 | 18018.00
1194 | 33791,88 | 33791.88
1195 | 235072,50 | 235072.50
1196 | 15000,00 | 15000.00
1197 | 17280,00 | 17280.00
1198 | 414,00 | 414.00
1199 | 7806,00 | 7806.00
1200 | 526124,44 | 526124.44
1201 | 193176,25 | 193176.25
1202 | 60390,00 | 60390.00
1203 | 45000,00 | 45000.00
1204 | 15000,00 | 15000.00
1205 | 11520,00 | 11520.00
1206 | 12000,00 | 12000.00
1207 | 263062,22 | 263062.22
1208 | 68500,00 | 68500.00
1209 | 12000,00 | 12000.00
1210 | 296307,00 | 296307.00
1211 | 66000,00 | 66000.00
1212 | 33952,50 | 33952.50
1213 | 1800,00 | 1800.00
1214 | 30063,06 | 30063.06
1215 | 13050,00 | 13050.00
1216 | 17483,55 | 17483.55
1217 | 22950,00 | 22950.00
1218 | 1500,00 | 1500.00
1219 | 450,00 | 450.00
1220 | 65160,00 | 65160.00
1221 | 7891,50 | 7891.50
1222 | 3099,48 | 3099.48
1223 | 481486,63 | 481486.63
1224 | 38576,40 | 38576.40
1225 | 26248,38 | 26248.38
1226 | 2625,00 | 2625.00
1227 | 9799,50 | 9799.50
1228 | 33791,88 | 33791.88
1229 | 250111,20 | 250111.20
1230 | 28800,00 | 28800.00
1231 | 4848,00 | 4848.00
1232 | 12708,00 | 12708.00
1233 | 30584,16 | 30584.16
1234 | 11893,50 | 11893.50
1235 | 149400,00 | 149400.00
1236 | 15000,00 | 15000.00
1237 | 2250,00 | 2250.00
1238 | 47625,00 | 47625.00
1239 | 33791,88 | 33791.88
1240 | 263062,22 | 263062.22
1241 | 252750,00 | 252750.00
1242 | 112500,00 | 112500.00
1243 | 10080,00 | 10080.00
1244 | 15000,00 | 15000.00
1245 | 33791,88 | 33791.88
1246 | 134750,00 | 134750.00
1247 | 15000,00 | 15000.00
1248 | 36000,00 | 36000.00
1249 | 15000,00 | 15000.00
1250 | 33791,88 | 33791.88
1251 | 83750,00 | 83750.00
1252 | 15000,00 | 15000.00
1253 | 4649,22 | 4649.22
1254 | 254215,00 | 254215.00
1255 | 129625,00 | 129625.00
1256 | 21600,00 | 21600.00
1257 | 15000,00 | 15000.00
1258 | 33791,88 | 33791.88
1259 | 73750,00 | 73750.00
1260 | 15000,00 | 15000.00
1261 | 2368452,36 | 2368452.36
1262 | 373966,20 | 373966.20
1263 | 263062,22 | 263062.22
1264 | 263062,22 | 263062.22
1265 | 93600,00 | 93600.00
1266 | 15000,00 | 15000.00
1267 | 66240,00 | 66240.00
1268 | 234750,00 | 234750.00
1269 | 540720,00 | 540720.00
1270 | 33335,40 | 33335.40
1271 | 276000,00 | 276000.00
1272 | 958625,00 | 958625.00
1273 | 21074,90 | 21074.90
1274 | 120000,00 | 120000.00
1275 | 59427,28 | 59427.28
1276 | 45000,00 | 45000.00
1277 | 33791,88 | 33791.88
1278 | 135500,00 | 135500.00
1279 | 18300,00 | 18300.00
1280 | 45000,00 | 45000.00
1281 | 8640,00 | 8640.00
1282 | 15000,00 | 15000.00
1283 | 33791,88 | 33791.88
1284 | 63250,00 | 63250.00
1285 | 15000,00 | 15000.00
1286 | 5200000,00 | 5200000.00
1287 | 1800000,00 | 1800000.00
1288 | 56000,00 | 56000.00
1289 | 203981,52 | 203981.52
1290 | 100000,00 | 100000.00
1291 | 791801,81 | 791801.81
1292 | 100000,00 | 100000.00
1293 | 33791,88 | 33791.88
1294 | 611944,68 | 611944.68
1295 | 1920000,00 | 1920000.00
1296 | 203981,52 | 203981.52
1297 | 373966,20 | 373966.20
1298 | 5200000,00 | 5200000.00
1299 | 1800000,00 | 1800000.00
1300 | 56000,00 | 56000.00
1301 | 373966,20 | 373966.20
1302 | 202315,78 | 202315.78
1303 | 16895,94 | 16895.94
1304 | 33791,88 | 33791.88
1305 | -203981,52 | -203981.52
1306 | -150000,00 | -150000.00
1307 | 27000,00 | 27000.00
1308 | 84031,94 | 84031.94
1309 | 120000,00 | 120000.00
1310 | 31200000,00 | 31200000.00
1311 | 912000,00 | 912000.00
1312 | 2519424,00 | 2519424.00
1313 | 360000,00 | 360000.00
1314 | 23142,50 | 23142.50
1315 | 22160,00 | 22160.00
1316 | 21863,80 | 21863.80
1317 | 22773,00 | 22773.00
1318 | 16998,46 | 16998.46
1319 | 16998,46 | 16998.46
1320 | 16998,46 | 16998.46
1321 | 16998,46 | 16998.46
1322 | 23882,00 | 23882.00
1323 | 22478,85 | 22478.85
1324 | 124655,40 | 124655.40
1325 | 12000,00 | 12000.00
1326 | -22478,85 | -22478.85
1327 | 263062,22 | 263062.22
1328 | 1350000,00 | 1350000.00
1329 | 22478,85 | 22478.85
1330 | 19051,41 | 19051.41
1331 | 150000,00 | 150000.00
1332 | 16998,46 | 16998.46
1333 | 16998,46 | 16998.46
1334 | 16998,46 | 16998.46
1335 | 16998,46 | 16998.46
1336 | 14400,00 | 14400.00
1337 | 4114,00 | 4114.00
1338 | 810,00 | 810.00
1339 | 1265,00 | 1265.00
1340 | 42315,60 | 42315.60
1341 | 12580,92 | 12580.92
1342 | 263062,22 | 263062.22
1343 | 150000,00 | 150000.00
1344 | 16998,39 | 16998.39
1345 | 16998,39 | 16998.39
1346 | 16998,39 | 16998.39
1347 | 16998,39 | 16998.39
1348 | 52399,79 | 52399.79
1349 | 52399,79 | 52399.79
1350 | 52399,79 | 52399.79
1351 | 52399,79 | 52399.79
1352 | 16998,39 | 16998.39
1353 | 16998,39 | 16998.39
1354 | 16998,39 | 16998.39
1355 | 16999,23 | 16999.23
1356 | 16998,46 | 16998.46
1357 | 16998,46 | 16998.46
1358 | 16998,46 | 16998.46
1359 | 16998,46 | 16998.46
1360 | 16998,39 | 16998.39
1361 | 16998,39 | 16998.39
1362 | 16999,23 | 16999.23
1363 | 44000,00 | 44000.00
1364 | 13805,00 | 13805.00
1365 | 4350,00 | 4350.00
1366 | 100000,00 | 100000.00
1367 | 12000,00 | 12000.00
1368 | 24000,00 | 24000.00
1369 | 6200,00 | 6200.00
1370 | 1600,00 | 1600.00
1371 | 7000,00 | 7000.00
1372 | 20145,15 | 20145.15
1373 | 28159,90 | 28159.90
1374 | 8400,00 | 8400.00
1375 | 825,00 | 825.00
1376 | 8472,00 | 8472.00
1377 | 18018,00 | 18018.00
1378 | 21239,00 | 21239.00
1379 | 28750,00 | 28750.00
1380 | 7929,00 | 7929.00
1381 | 8000,00 | 8000.00
1382 | 48140,00 | 48140.00
1383 | 48835,20 | 48835.20
1384 | 91973,65 | 91973.65
1385 | 16999,23 | 16999.23
1386 | 16998,46 | 16998.46
1387 | 16998,46 | 16998.46
1388 | 16998,46 | 16998.46
1389 | 16998,46 | 16998.46
1390 | 16998,46 | 16998.46
1391 | 16998,46 | 16998.46
1392 | 16998,60 | 16998.60
1393 | 16998,60 | 16998.60
1394 | 16998,60 | 16998.60
1395 | 16998,60 | 16998.60
1396 | 17600,00 | 17600.00
1397 | 7900,00 | 7900.00
1398 | 69500,00 | 69500.00
1399 | 600,00 | 600.00
1400 | 1200,00 | 1200.00
1401 | 6000,00 | 6000.00
1402 | 90000,00 | 90000.00
1403 | 77625,00 | 77625.00
1404 | 31101,00 | 31101.00
1405 | 5692,50 | 5692.50
1406 | 38640,00 | 38640.00
1407 | 1380,00 | 1380.00
1408 | 3450,00 | 3450.00
1409 | 7806,00 | 7806.00
1410 | 15000,00 | 15000.00
1411 | 20292,00 | 20292.00
1412 | 9799,50 | 9799.50
1413 | 60000,00 | 60000.00
1414 | 12000,00 | 12000.00
1415 | 57622,50 | 57622.50
1416 | 18654,05 | 18654.05
1417 | 54000,00 | 54000.00
1418 | 1953,00 | 1953.00
1419 | 492,00 | 492.00
1420 | 1200,00 | 1200.00
1421 | 2772,00 | 2772.00
1422 | 6354,00 | 6354.00
1423 | 7891,50 | 7891.50
1424 | 33791,88 | 33791.88
1425 | 10000,00 | 10000.00
1426 | 25000,00 | 25000.00
1427 | 5000,00 | 5000.00
1428 | 500,00 | 500.00
1429 | 15000,00 | 15000.00
1430 | 58917,58 | 58917.58
1431 | 1221,00 | 1221.00
1432 | 77625,00 | 77625.00
1433 | 27855,00 | 27855.00
1434 | 50000,00 | 50000.00
1435 | 4500,00 | 4500.00
1436 | 2100,00 | 2100.00
1437 | 72000,00 | 72000.00
1438 | 1302,00 | 1302.00
1439 | 20704,21 | 20704.21
1440 | 46744,14 | 46744.14
1441 | 263062,21 | 263062.21
1442 | 80871,72 | 80871.72
1443 | 58917,60 | 58917.60
1444 | 10000,00 | 10000.00
1445 | 610,50 | 610.50
1446 | 55800,00 | 55800.00
1447 | 13329,00 | 13329.00
1448 | 3795,00 | 3795.00
1449 | 9472,00 | 9472.00
1450 | 11040,00 | 11040.00
1451 | 1380,00 | 1380.00
1452 | 6355,00 | 6355.00
1453 | 7806,00 | 7806.00
1454 | 7891,50 | 7891.50
1455 | 20292,00 | 20292.00
1456 | 13500,00 | 13500.00
1457 | 9799,50 | 9799.50
1458 | 18357,24 | 18357.24
1459 | 263062,20 | 263062.20
1460 | 60000,00 | 60000.00
1461 | 18600,00 | 18600.00
1462 | 35313,15 | 35313.15
1463 | 36000,00 | 36000.00
1464 | 1953,00 | 1953.00
1465 | 34500,00 | 34500.00
1466 | 1200,00 | 1200.00
1467 | 77625,00 | 77625.00
1468 | 1848,00 | 1848.00
1469 | 10000,00 | 10000.00
1470 | 80871,72 | 80871.72
1471 | 5000,00 | 5000.00
1472 | 500,00 | 500.00
1473 | 22500,00 | 22500.00
1474 | 70701,12 | 70701.12
1475 | 610,50 | 610.50
1476 | 2500,00 | 2500.00
1477 | 16905,00 | 16905.00
1478 | 7891,50 | 7891.50
1479 | 7500,00 | 7500.00
1480 | 900,00 | 900.00
1481 | 12000,00 | 12000.00
1482 | 8744,12 | 8744.12
1483 | 45286,74 | 45286.74
1484 | 1200,00 | 1200.00
1485 | 60000,00 | 60000.00
1486 | 3097,50 | 3097.50
1487 | 157,50 | 157.50
1488 | 367,50 | 367.50
1489 | 77625,00 | 77625.00
1490 | 7364,70 | 7364.70
1491 | 3864,00 | 3864.00
1492 | 483,00 | 483.00
1493 | 6354,00 | 6354.00
1494 | 1500,00 | 1500.00
1495 | 610,50 | 610.50
1496 | 33791,88 | 33791.88
1497 | 10000,00 | 10000.00
1498 | 80871,72 | 80871.72
1499 | 8250,00 | 8250.00
1500 | 500,00 | 500.00
1501 | 22500,00 | 22500.00
1502 | 58917,60 | 58917.60
1503 | 22103,73 | 22103.73
1504 | 2500,00 | 2500.00
1505 | 1800,00 | 1800.00
1506 | 4512,00 | 4512.00
1507 | 10500,00 | 10500.00
1508 | 2100,00 | 2100.00
1509 | 18000,00 | 18000.00
1510 | 1302,00 | 1302.00
1511 | 492,00 | 492.00
1512 | 1200,00 | 1200.00
1513 | 1800,00 | 1800.00
1514 | 562,50 | 562.50
1515 | 1312,50 | 1312.50
1516 | 23908,50 | 23908.50
1517 | 2842,20 | 2842.20
1518 | 13800,00 | 13800.00
1519 | 1725,00 | 1725.00
1520 | 6354,00 | 6354.00
1521 | 18018,00 | 18018.00
1522 | 7891,48 | 7891.48
1523 | 37950,00 | 37950.00
1524 | 4410,00 | 4410.00
1525 | 16437,00 | 16437.00
1526 | 2610,00 | 2610.00
1527 | 6352,50 | 6352.50
1528 | 3504,00 | 3504.00
1529 | 12702,00 | 12702.00
1530 | 7569,00 | 7569.00
1531 | 2050,50 | 2050.50
1532 | 4500,00 | 4500.00
1533 | 1800,00 | 1800.00
1534 | 60375,00 | 60375.00
1535 | 2500,00 | 2500.00
1536 | 180000,00 | 180000.00
1537 | 9600,00 | 9600.00
1538 | 607,50 | 607.50
1539 | 1417,50 | 1417.50
1540 | 117739,50 | 117739.50
1541 | 3696,00 | 3696.00
1542 | 204240,00 | 204240.00
1543 | 2553,00 | 2553.00
1544 | 22977,00 | 22977.00
1545 | 12708,00 | 12708.00
1546 | 23418,00 | 23418.00
1547 | 9000,00 | 9000.00
1548 | 60876,00 | 60876.00
1549 | 29398,47 | 29398.47
1550 | 11893,50 | 11893.50
1551 | 100183,50 | 100183.50
1552 | 22643,36 | 22643.36
1553 | 6900,00 | 6900.00
1554 | 18000,00 | 18000.00
1555 | 1302,00 | 1302.00
1556 | 80676,00 | 80676.00
1557 | 304462,50 | 304462.50
1558 | 959,40 | 959.40
1559 | 31858,50 | 31858.50
1560 | 610,50 | 610.50
1561 | 1300000,00 | 1300000.00
1562 | 21000,00 | 21000.00
1563 | 1500,00 | 1500.00
1564 | 2250,00 | 2250.00
1565 | 6000,00 | 6000.00
1566 | 1302,00 | 1302.00
1567 | 276,00 | 276.00
1568 | 34,50 | 34.50
1569 | 63000,00 | 63000.00
1570 | 26100,00 | 26100.00
1571 | 5220,00 | 5220.00
1572 | 2500,00 | 2500.00
1573 | 69,00 | 69.00
1574 | 6000,00 | 6000.00
1575 | 2250,00 | 2250.00
1576 | 6000,00 | 6000.00
1577 | 4173,00 | 4173.00
1578 | 5467,50 | 5467.50
1579 | 529,38 | 529.38
1580 | 1200,00 | 1200.00
1581 | 552,00 | 552.00
1582 | 1200,00 | 1200.00
1583 | 424350,00 | 424350.00
1584 | 841,32 | 841.32
1585 | 12000,00 | 12000.00
1586 | 450,00 | 450.00
1587 | 1050,00 | 1050.00
1588 | 1474875,00 | 1474875.00
1589 | 195492,00 | 195492.00
1590 | 3795,00 | 3795.00
1591 | 1184,25 | 1184.25
1592 | 1753,50 | 1753.50
1593 | 4800,00 | 4800.00
1594 | 7392,00 | 7392.00
1595 | 268272,00 | 268272.00
1596 | 3174,00 | 3174.00
1597 | 30360,00 | 30360.00
1598 | 38124,00 | 38124.00
1599 | 15783,00 | 15783.00
1600 | 63717,00 | 63717.00
1601 | 23787,00 | 23787.00
1602 | 843495,71 | 843495.71
1603 | 94014,48 | 94014.48
1604 | 499800,00 | 499800.00
1605 | 442012,86 | 442012.86
1606 | 520797,51 | 520797.51
1607 | 66147,48 | 66147.48
1608 | 75306,00 | 75306.00
1609 | 32800,50 | 32800.50
1610 | 149232,40 | 149232.40
1611 | 54616,50 | 54616.50
1612 | 72675,00 | 72675.00
1613 | 52682,95 | 52682.95
1614 | 9541,31 | 9541.31
1615 | 78600,00 | 78600.00
1616 | 915000,00 | 915000.00
1617 | 3108,00 | 3108.00
1618 | 37758,00 | 37758.00
1619 | 59760,00 | 59760.00
1620 | 1591215,00 | 1591215.00
1621 | 24420,00 | 24420.00
1622 | 10800000,00 | 10800000.00
1623 | 203981,52 | 203981.52
1624 | 360000,00 | 360000.00
1625 | 5068,50 | 5068.50
1626 | 4500,00 | 4500.00
1627 | 27000,00 | 27000.00
1628 | 5400,00 | 5400.00
1629 | 42000,00 | 42000.00
1630 | 1500,00 | 1500.00
1631 | 1800,00 | 1800.00
1632 | 26100,00 | 26100.00
1633 | 5220,00 | 5220.00
1634 | 26100,00 | 26100.00
1635 | 5220,00 | 5220.00
1636 | 2500,00 | 2500.00
1637 | 26100,00 | 26100.00
1638 | 5220,00 | 5220.00
1639 | 611944,68 | 611944.68
1640 | 172800,00 | 172800.00
1641 | 74400,00 | 74400.00
1642 | 112800,00 | 112800.00
1643 | 124800,00 | 124800.00
1644 | 69600,00 | 69600.00
1645 | 202255,00 | 202255.00
1646 | 373966,20 | 373966.20
1647 | 540000,00 | 540000.00
1648 | 202255,00 | 202255.00
1649 | 36379950,00 | 36379950.00
1650 | 5200000,00 | 5200000.00
1651 | 64000,00 | 64000.00
1652 | 1093281,12 | 1093281.12
1653 | 438062,22 | 438062.22
1654 | 1718049,37 | 1718049.37
1655 | 118990,20 | 118990.20
1656 | 60000,00 | 60000.00
1657 | 100000,00 | 100000.00
1658 | 53239618,50 | 53239618.50
1659 | 3000000,00 | 3000000.00
1660 | 64000,00 | 64000.00
1661 | 32000,00 | 32000.00
1662 | 3000000,00 | 3000000.00
1663 | 67993,80 | 67993.80
1664 | 160000,00 | 160000.00
1665 | 63456,12 | 63456.12
1666 | 56000,00 | 56000.00
1667 | 5200000,00 | 5200000.00
1668 | 64000,00 | 64000.00
1669 | 64000,00 | 64000.00
1670 | 5200000,00 | 5200000.00
1671 | 64000,00 | 64000.00
1672 | 5200000,00 | 5200000.00
1673 | 64000,00 | 64000.00
1674 | 5200000,00 | 5200000.00
1675 | 64000,00 | 64000.00
1676 | 5200000,00 | 5200000.00
1677 | 64000,00 | 64000.00
1678 | 3000000,00 | 3000000.00
1679 | 64000,00 | 64000.00
1680 | 3000000,00 | 3000000.00
1681 | 32000,00 | 32000.00
1682 | 1800000,00 | 1800000.00
1683 | 32000,00 | 32000.00
1684 | 1800000,00 | 1800000.00
1685 | 32000,00 | 32000.00
1686 | 3000000,00 | 3000000.00
1687 | 32000,00 | 32000.00
1688 | 3000000,00 | 3000000.00
1689 | -220997,57 | -220997.57
1690 | -220997,57 | -220997.57
1691 | -220997,57 | -220997.57
1692 | -220997,57 | -220997.57
1693 | 3000000,00 | 3000000.00
1694 | 32000,00 | 32000.00
1695 | 32000,00 | 32000.00
1696 | 3000000,00 | 3000000.00
1697 | 3000000,00 | 3000000.00
1698 | 32000,00 | 32000.00
1699 | 32000,00 | 32000.00
1700 | 3000000,00 | 3000000.00
1701 | 32000,00 | 32000.00
1702 | 3000000,00 | 3000000.00
1703 | 16000,00 | 16000.00
1704 | 1800000,00 | 1800000.00
1705 | 16000,00 | 16000.00
1706 | 1800000,00 | 1800000.00
1707 | 64000,00 | 64000.00
1708 | 5200000,00 | 5200000.00
1709 | 64000,00 | 64000.00
1710 | 5200000,00 | 5200000.00
1711 | 64000,00 | 64000.00
1712 | 3000000,00 | 3000000.00
1713 | 32000,00 | 32000.00
1714 | 1800000,00 | 1800000.00
1715 | 3000000,00 | 3000000.00
1716 | 64000,00 | 64000.00
1717 | 32000,00 | 32000.00
1718 | 3000000,00 | 3000000.00
1719 | 32000,00 | 32000.00
1720 | 3000000,00 | 3000000.00
1721 | 32000,00 | 32000.00
1722 | 3000000,00 | 3000000.00
1723 | 16000,00 | 16000.00
1724 | 1800000,00 | 1800000.00
1725 | 4000,00 | 4000.00
1726 | 3600,00 | 3600.00
1727 | 6000,00 | 6000.00
1728 | 30000,00 | 30000.00
1729 | 30000,00 | 30000.00
1730 | 371645,67 | 371645.67
1731 | 203981,52 | 203981.52
1732 | 203981,52 | 203981.52
1733 | 1800000,00 | 1800000.00
1734 | 32000,00 | 32000.00
1735 | 203981,52 | 203981.52
1736 | 67993,92 | 67993.92
1737 | 67993,80 | 67993.80
1738 | 203981,52 | 203981.52
1739 | 611944,68 | 611944.68
1740 | 203981,52 | 203981.52
1741 | 203981,52 | 203981.52
1742 | 67993,80 | 67993.80
1743 | 67993,80 | 67993.80
1744 | 67993,80 | 67993.80
1745 | 1800000,00 | 1800000.00
1746 | 32000,00 | 32000.00
1747 | 100000,00 | 100000.00
1748 | 3000000,00 | 3000000.00
1749 | 16000,00 | 16000.00
1750 | 3000000,00 | 3000000.00
1751 | 16000,00 | 16000.00
1752 | 3000000,00 | 3000000.00
1753 | 32000,00 | 32000.00
1754 | 3000000,00 | 3000000.00
1755 | 32000,00 | 32000.00
1756 | 3000000,00 | 3000000.00
1757 | 32000,00 | 32000.00
1758 | 220997,57 | 220997.57
1759 | 220997,57 | 220997.57
1760 | 220997,57 | 220997.57
1761 | 220997,57 | 220997.57
1762 | 3000000,00 | 3000000.00
1763 | 32000,00 | 32000.00
1764 | -6013207,46 | -6013207.46
1765 | 9226705,50 | 9226705.50
1766 | 1800000,00 | 1800000.00
1767 | 16000,00 | 16000.00
1768 | 1800000,00 | 1800000.00
1769 | 16000,00 | 16000.00
1770 | 480000,00 | 480000.00
1771 | 4000,00 | 4000.00
1772 | 67993,80 | 67993.80
1773 | 203981,52 | 203981.52
1774 | 203981,52 | 203981.52
1775 | 67993,80 | 67993.80
1776 | 203981,52 | 203981.52
1777 | 203981,52 | 203981.52
1778 | 203981,52 | 203981.52
1779 | -9226705,50 | -9226705.50
1780 | 6722690,75 | 6722690.75
1781 | 611944,68 | 611944.68
1782 | 67993,80 | 67993.80
1783 | 611944,68 | 611944.68
1784 | 65600,00 | 65600.00
1785 | 20000,00 | 20000.00
1786 | 3600000,00 | 3600000.00
1787 | 32000,00 | 32000.00
1788 | 451207,97 | 451207.97
1789 | 20000,00 | 20000.00
1790 | 203981,52 | 203981.52
1791 | 203981,52 | 203981.52
1792 | 203981,52 | 203981.52
1793 | -1800000,00 | -1800000.00
1794 | -16000,00 | -16000.00
1795 | 6013207,46 | 6013207.46
1796 | 203981,52 | 203981.52
1797 | 67993,80 | 67993.80
1798 | 365057,28 | 365057.28
1799 | 504191,58 | 504191.58
1800 | 720000,02 | 720000.02
1801 | 203981,52 | 203981.52
1802 | 12000,00 | 12000.00
1803 | 67993,80 | 67993.80
1804 | 3240000,00 | 3240000.00
1805 | 203981,52 | 203981.52
1806 | 24000,00 | 24000.00
1807 | 1200000,00 | 1200000.00
1808 | 67993,80 | 67993.80
1809 | 67993,80 | 67993.80
1810 | 203981,52 | 203981.52
1811 | -1800000,00 | -1800000.00
1812 | -16000,00 | -16000.00
1813 | 1014805,93 | 1014805.93
1814 | 203981,52 | 203981.52
1815 | 373966,20 | 373966.20
1816 | 1200000,00 | 1200000.00
1817 | 12000,00 | 12000.00
1818 | 611944,68 | 611944.68
1819 | 66410,46 | 66410.46
1820 | 6013207,45 | 6013207.45
1821 | 72000,00 | 72000.00
1822 | 203981,52 | 203981.52
1823 | 2880000,00 | 2880000.00
1824 | 25000,00 | 25000.00
1825 | 180000,00 | 180000.00
1826 | 25600,00 | 25600.00
1827 | 40000,00 | 40000.00
1828 | 540000,00 | 540000.00
1829 | 203981,52 | 203981.52
1830 | 203981,52 | 203981.52
1831 | 186983,06 | 186983.06
1832 | -3000000,00 | -3000000.00
1833 | -32000,00 | -32000.00
1834 | 3000000,00 | 3000000.00
1835 | 32000,00 | 32000.00
1836 | 315000,00 | 315000.00
1837 | 864000,00 | 864000.00
1838 | 203981,52 | 203981.52
1839 | 67993,80 | 67993.80
1840 | 540000,00 | 540000.00
1841 | 203981,52 | 203981.52
1842 | 1067895,25 | 1067895.25
1843 | 6000,00 | 6000.00
1844 | 1080000,00 | 1080000.00
1845 | 80871,72 | 80871.72
1846 | 1098550,91 | 1098550.91
1847 | 8000,00 | 8000.00
1848 | 25000,00 | 25000.00
1849 | 10000,00 | 10000.00
1850 | -60000,00 | -60000.00
1851 | 3000000,00 | 3000000.00
1852 | 32000,00 | 32000.00
1853 | 60000,00 | 60000.00
1854 | 20000,00 | 20000.00
1855 | 10000,00 | 10000.00
1856 | 4000,00 | 4000.00
1857 | 13900,00 | 13900.00
1858 | 7900,00 | 7900.00
1859 | 4000,00 | 4000.00
1860 | 24000,00 | 24000.00
1861 | 1200000,00 | 1200000.00
1862 | 4800,00 | 4800.00
1863 | 103500,00 | 103500.00
1864 | 6701614,50 | 6701614.50
1865 | 33600,00 | 33600.00
1866 | -67993,92 | -67993.92
1867 | 5200000,00 | 5200000.00
1868 | 64000,00 | 64000.00
1869 | 864000,00 | 864000.00
1870 | 67993,80 | 67993.80
1871 | 3000000,00 | 3000000.00
1872 | 32000,00 | 32000.00
1873 | 611944,68 | 611944.68
1874 | 1800000,00 | 1800000.00
1875 | 16000,00 | 16000.00
1876 | 32000,00 | 32000.00
1877 | 1800000,00 | 1800000.00
1878 | 3000000,00 | 3000000.00
1879 | 32000,00 | 32000.00
1880 | 9151563,00 | 9151563.00
1881 | 203981,52 | 203981.52
1882 | 10000,00 | 10000.00
1883 | 1200,00 | 1200.00
1884 | 3000000,00 | 3000000.00
1885 | 32000,00 | 32000.00
1886 | 33791,88 | 33791.88
1887 | 268907,57 | 268907.57
1888 | 25000,00 | 25000.00
1889 | 349299,60 | 349299.60
1890 | 150000,00 | 150000.00
1891 | 5200000,00 | 5200000.00
1892 | 64000,00 | 64000.00
1893 | 2000,00 | 2000.00
1894 | 160000,00 | 160000.00
1895 | 611944,68 | 611944.68
1896 | 5200000,00 | 5200000.00
1897 | 64000,00 | 64000.00
1898 | 5200000,00 | 5200000.00
1899 | 64000,00 | 64000.00
1900 | 100000,00 | 100000.00
1901 | 25000,00 | 25000.00
1902 | 11000,00 | 11000.00
1903 | 100000,00 | 100000.00
1904 | 3600000,00 | 3600000.00
1905 | 30000,00 | 30000.00
1906 | 25600,00 | 25600.00
1907 | 40000,00 | 40000.00
1908 | 25000,00 | 25000.00
1909 | 33791,88 | 33791.88
1910 | 80871,72 | 80871.72
1911 | 349299,60 | 349299.60
1912 | 150000,00 | 150000.00
1913 | 25000,00 | 25000.00
1914 | 33791,88 | 33791.88
1915 | 80871,72 | 80871.72
1916 | 349299,60 | 349299.60
1917 | 150000,00 | 150000.00
1918 | 25000,00 | 25000.00
1919 | 33791,88 | 33791.88
1920 | 80871,72 | 80871.72
1921 | 349299,60 | 349299.60
1922 | 150000,00 | 150000.00
1923 | 135000,00 | 135000.00
1924 | 16998,45 | 16998.45
1925 | 120000,00 | 120000.00
1926 | 16998,45 | 16998.45
1927 | 200427,84 | 200427.84
1928 | 150000,00 | 150000.00
1929 | 611944,56 | 611944.56
1930 | 405000,00 | 405000.00
1931 | 50995,35 | 50995.35
1932 | 360000,00 | 360000.00
1933 | 50995,35 | 50995.35
1934 | 373966,20 | 373966.20
1935 | 4363719,35 | 4363719.35
1936 | 6567687,20 | 6567687.20
1937 | 1967153,15 | 1967153.15
1938 | 611944,68 | 611944.68
1939 | 67993,80 | 67993.80
1940 | 203981,52 | 203981.52
1941 | 203981,52 | 203981.52
1942 | 611944,68 | 611944.68
1943 | 203981,52 | 203981.52
1944 | 203981,52 | 203981.52
1945 | 2080941,32 | 2080941.32
1946 | 7545,81 | 7545.81
1947 | 11600,00 | 11600.00
1948 | 2320,00 | 2320.00
1949 | 17400,00 | 17400.00
1950 | 29000,00 | 29000.00
1951 | 16849,00 | 16849.00
1952 | 11600,00 | 11600.00
1953 | 36093,34 | 36093.34
1954 | 19615,60 | 19615.60
1955 | 9472,85 | 9472.85
1956 | 4350,00 | 4350.00
1957 | 29000,00 | 29000.00
1958 | 2320,00 | 2320.00
1959 | 1258,60 | 1258.60
1960 | 15950,00 | 15950.00
1961 | 8700,00 | 8700.00
1962 | 30450,00 | 30450.00
1963 | 36093,34 | 36093.34
1964 | 11600,00 | 11600.00
1965 | 50750,00 | 50750.00
1966 | 48140,00 | 48140.00
1967 | 1160,00 | 1160.00
1968 | 8700,00 | 8700.00
1969 | 11600,00 | 11600.00
1970 | 1740,00 | 1740.00
1971 | 11600,00 | 11600.00
1972 | 36093,34 | 36093.34
1973 | 547675,76 | 547675.76
1974 | 5200000,00 | 5200000.00
1975 | 2000,00 | 2000.00
1976 | 150000,00 | 150000.00
1977 | 4320000,00 | 4320000.00
1978 | 240513,40 | 240513.40
1979 | 48102,68 | 48102.68
1980 | 1121898,48 | 1121898.48
1981 | 30000,00 | 30000.00
1982 | 203861,52 | 203861.52
1983 | 67993,80 | 67993.80
1984 | 480000,00 | 480000.00
1985 | 540000,00 | 540000.00
1986 | 67993,80 | 67993.80
1987 | 150000,00 | 150000.00
1988 | 263062,24 | 263062.24
1989 | 67993,80 | 67993.80
1990 | 2400000,00 | 2400000.00
1991 | 100000,00 | 100000.00
1992 | 480000,00 | 480000.00
1993 | 67993,80 | 67993.80
1994 | 59760,00 | 59760.00
1995 | 14211,00 | 14211.00
1996 | 13800,00 | 13800.00
1997 | 36036,00 | 36036.00
1998 | 75900,00 | 75900.00
1999 | 32874,00 | 32874.00
2000 | 90000,00 | 90000.00
2001 | 6000,00 | 6000.00
2002 | 3000,00 | 3000.00
2003 | 1302,00 | 1302.00
2004 | 9000,00 | 9000.00
2005 | 193200,00 | 193200.00
2006 | 44818,80 | 44818.80
2007 | 3900,00 | 3900.00
2008 | 38033,45 | 38033.45
2009 | 110400,00 | 110400.00
2010 | 6991,20 | 6991.20
2011 | 2400,00 | 2400.00
2012 | 2250,00 | 2250.00
2013 | 5250,00 | 5250.00
2014 | 26658,00 | 26658.00
2015 | 18480,00 | 18480.00
2016 | 79695,00 | 79695.00
2017 | 31620,00 | 31620.00
2018 | 27930,00 | 27930.00
2019 | 4380,00 | 4380.00
2020 | 2247,00 | 2247.00
2021 | 1302,00 | 1302.00
2022 | 47652,00 | 47652.00
2023 | 2447,75 | 2447.75
2024 | 107,52 | 107.52
2025 | 448200,00 | 448200.00
2026 | 108108,00 | 108108.00
2027 | 227700,00 | 227700.00
2028 | 387000,00 | 387000.00
2029 | 6000,00 | 6000.00
2030 | 9000,00 | 9000.00
2031 | 18000,00 | 18000.00
2032 | 1302,00 | 1302.00
2033 | 24000,00 | 24000.00
2034 | 44818,80 | 44818.80
2035 | 2221,50 | 2221.50
2036 | 3900,00 | 3900.00
2037 | 38033,45 | 38033.45
2038 | 62100,00 | 62100.00
2039 | 98622,00 | 98622.00
2040 | 517500,00 | 517500.00
2041 | 46608,00 | 46608.00
2042 | 199935,00 | 199935.00
2043 | 2400,00 | 2400.00
2044 | 3375,00 | 3375.00
2045 | 7875,00 | 7875.00
2046 | 496800,00 | 496800.00
2047 | 132600,00 | 132600.00
2048 | 57000,00 | 57000.00
2049 | 6000,00 | 6000.00
2050 | 1500,00 | 1500.00
2051 | 1032,00 | 1032.00
2052 | 20400,00 | 20400.00
2053 | 44818,80 | 44818.80
2054 | 3900,00 | 3900.00
2055 | 38033,45 | 38033.45
2056 | 149400,00 | 149400.00
2057 | 43125,00 | 43125.00
2058 | 22387,50 | 22387.50
2059 | 49311,00 | 49311.00
2060 | 345000,00 | 345000.00
2061 | 6000,00 | 6000.00
2062 | 6000,00 | 6000.00
2063 | 18000,00 | 18000.00
2064 | 118320,00 | 118320.00
2065 | 1302,00 | 1302.00
2066 | 68818,80 | 68818.80
2067 | 862500,00 | 862500.00
2068 | 3900,00 | 3900.00
2069 | 38033,45 | 38033.45
2070 | 2625,00 | 2625.00
2071 | 333225,00 | 333225.00
2072 | 2400,00 | 2400.00
2073 | 1125,00 | 1125.00
2074 | 607200,00 | 607200.00
2075 | 75900,00 | 75900.00
2076 | 90090,00 | 90090.00
2077 | 113850,00 | 113850.00
2078 | 448200,00 | 448200.00
2079 | 49311,00 | 49311.00
2080 | 630000,00 | 630000.00
2081 | 15000,00 | 15000.00
2082 | 6000,00 | 6000.00
2083 | 36000,00 | 36000.00
2084 | 1302,00 | 1302.00
2085 | 216750,00 | 216750.00
2086 | 48000,00 | 48000.00
2087 | 44818,80 | 44818.80
2088 | 3900,00 | 3900.00
2089 | 8855,52 | 8855.52
2090 | 38033,45 | 38033.45
2091 | 2400,00 | 2400.00
2092 | 3375,00 | 3375.00
2093 | 7875,00 | 7875.00
2094 | 165600,00 | 165600.00
2095 | 20700,00 | 20700.00
2096 | 54054,00 | 54054.00
2097 | 113850,00 | 113850.00
2098 | 611944,68 | 611944.68
2099 | 540000,00 | 540000.00
2100 | 203861,52 | 203861.52
2101 | 611944,68 | 611944.68
2102 | 540000,00 | 540000.00
2103 | 767366,50 | 767366.50
2104 | 30077,78 | 30077.78
2105 | 222225,00 | 222225.00
2106 | 540000,00 | 540000.00
2107 | 203861,52 | 203861.52
2108 | 150000,00 | 150000.00
2109 | 30000,00 | 30000.00
2110 | 6000,00 | 6000.00
2111 | 5400000,00 | 5400000.00
2112 | 67993,80 | 67993.80
2113 | 60000,00 | 60000.00
2114 | 29800,00 | 29800.00
2115 | 62300,00 | 62300.00
2116 | 57200,00 | 57200.00
2117 | 611944,68 | 611944.68
2118 | 240513,40 | 240513.40
2119 | 150000,00 | 150000.00
2120 | 611944,68 | 611944.68
2121 | 611944,68 | 611944.68
2122 | 240513,40 | 240513.40
2123 | 150000,00 | 150000.00
2124 | 37250,01 | 37250.01
2125 | 611944,68 | 611944.68
2126 | 203861,52 | 203861.52
2127 | 3240000,00 | 3240000.00
2128 | 611944,68 | 611944.68
2129 | 203861,52 | 203861.52
2130 | 203861,52 | 203861.52
2131 | 1495384,56 | 1495384.56
2132 | 40000,00 | 40000.00
2133 | 203981,52 | 203981.52
2134 | 60495,06 | 60495.06
2135 | 67993,80 | 67993.80
2136 | 67993,80 | 67993.80
2137 | 67993,80 | 67993.80
2138 | 67993,80 | 67993.80
2139 | 15600000,00 | 15600000.00
2140 | 10800000,00 | 10800000.00
2141 | 42519,78 | 42519.78
2142 | 3240000,00 | 3240000.00
2143 | 739433,04 | 739433.04
2144 | 109733,10 | 109733.10
2145 | 184947,50 | 184947.50
2146 | 186228,98 | 186228.98
2147 | 393146,03 | 393146.03
2148 | 178277,50 | 178277.50
2149 | 214228,77 | 214228.77
2150 | 76000,00 | 76000.00
2151 | 960000,00 | 960000.00
2152 | 67993,80 | 67993.80
2153 | 543950,64 | 543950.64
2154 | 1890702,49 | 1890702.49
2155 | 58921,04 | 58921.04
2156 | 29400,00 | 29400.00
2157 | 2400,00 | 2400.00
2158 | 19500,00 | 19500.00
2159 | 133290,00 | 133290.00
2160 | 21316,50 | 21316.50
2161 | 21721,50 | 21721.50
2162 | 18480,00 | 18480.00
2163 | 253920,00 | 253920.00
2164 | 4140,00 | 4140.00
2165 | 27600,00 | 27600.00
2166 | 12708,00 | 12708.00
2167 | 2247,00 | 2247.00
2168 | 7806,00 | 7806.00
2169 | 36036,00 | 36036.00
2170 | 20292,00 | 20292.00
2171 | 31858,50 | 31858.50
2172 | 43125,00 | 43125.00
2173 | 9000,00 | 9000.00
2174 | 120000,00 | 120000.00
2175 | 3000,00 | 3000.00
2176 | 2256,00 | 2256.00
2177 | 18000,00 | 18000.00
2178 | 23826,00 | 23826.00
2179 | 192,00 | 192.00
2180 | 15540,00 | 15540.00
2181 | 144900,00 | 144900.00
2182 | 597600,00 | 597600.00
2183 | 46608,00 | 46608.00
2184 | 15000,00 | 15000.00
2185 | 780000,00 | 780000.00
2186 | 2447,75 | 2447.75
2187 | 1024,34 | 1024.34
2188 | 808500,00 | 808500.00
2189 | 67228,20 | 67228.20
2190 | 3900,00 | 3900.00
2191 | 76066,00 | 76066.00
2192 | 268935,00 | 268935.00
2193 | 1302,00 | 1302.00
2194 | 36093,34 | 36093.34
2195 | 60000,00 | 60000.00
2196 | 17928,00 | 17928.00
2197 | 1200,00 | 1200.00
2198 | 12000,00 | 12000.00
2199 | 2250,00 | 2250.00
2200 | 2400,00 | 2400.00
2201 | 11652,00 | 11652.00
2202 | 135,00 | 135.00
2203 | 315,00 | 315.00
2204 | 4737,00 | 4737.00
2205 | 2160,00 | 2160.00
2206 | 828,00 | 828.00
2207 | 6000,00 | 6000.00
2208 | 3750,00 | 3750.00
2209 | 1302,00 | 1302.00
2210 | 9045,00 | 9045.00
2211 | 3900,00 | 3900.00
2212 | 18000,00 | 18000.00
2213 | 33791,88 | 33791.88
2214 | 60000,00 | 60000.00
2215 | 13122,80 | 13122.80
2216 | 18000,00 | 18000.00
2217 | 40000,00 | 40000.00
2218 | 483000,00 | 483000.00
2219 | 26019,00 | 26019.00
2220 | 4389,00 | 4389.00
2221 | 48300,00 | 48300.00
2222 | 28000,00 | 28000.00
2223 | 1122800,00 | 1122800.00
2224 | 492100,00 | 492100.00
2225 | 946428,00 | 946428.00
2226 | 138880,00 | 138880.00
2227 | 11200,00 | 11200.00
2228 | 4760,00 | 4760.00
2229 | 100900,80 | 100900.80
2230 | 36428,00 | 36428.00
2231 | 206080,00 | 206080.00
2232 | 25760,00 | 25760.00
2233 | 106260,00 | 106260.00
2234 | 120750,00 | 120750.00
2235 | 3005226,00 | 3005226.00
2236 | 805168,00 | 805168.00
2237 | 527800,00 | 527800.00
2238 | 386400,00 | 386400.00
2239 | 378840,00 | 378840.00
2240 | 238000,00 | 238000.00
2241 | 203981,40 | 203981.40
2242 | 36000,00 | 36000.00
2243 | 1950,00 | 1950.00
2244 | 60000,00 | 60000.00
2245 | 960000,00 | 960000.00
2246 | -420000,00 | -420000.00
2247 | -261216,60 | -261216.60
2248 | -33791,88 | -33791.88
2249 | -9082,47 | -9082.47
2250 | -6000,00 | -6000.00
2251 | -10200,00 | -10200.00
2252 | -120000,00 | -120000.00
2253 | -976,50 | -976.50
2254 | -21600,00 | -21600.00
2255 | -22500,00 | -22500.00
2256 | -54000,00 | -54000.00
2257 | -24607,29 | -24607.29
2258 | -610,50 | -610.50
2259 | 839940,00 | 839940.00
2260 | 124655,40 | 124655.40
2261 | 90000,00 | 90000.00
2262 | 67993,80 | 67993.80
2263 | 67993,80 | 67993.80
2264 | 67993,80 | 67993.80
2265 | 203981,40 | 203981.40
2266 | 39661,60 | 39661.60
2267 | 67993,80 | 67993.80
2268 | 77250,00 | 77250.00
2269 | 2250,00 | 2250.00
2270 | 270,00 | 270.00
2271 | 60000,00 | 60000.00
2272 | 2691,00 | 2691.00
2273 | 2821,50 | 2821.50
2274 | 18022,14 | 18022.14
2275 | 108936,90 | 108936.90
2276 | 26248,38 | 26248.38
2277 | 12000,00 | 12000.00
2278 | 3000,00 | 3000.00
2279 | 2250,00 | 2250.00
2280 | 3000,00 | 3000.00
2281 | 1302,00 | 1302.00
2282 | 1500,00 | 1500.00
2283 | 14400,00 | 14400.00
2284 | 92817,84 | 92817.84
2285 | 1831,50 | 1831.50
2286 | 179280,00 | 179280.00
2287 | 600,00 | 600.00
2288 | 12000,00 | 12000.00
2289 | 21600,00 | 21600.00
2290 | 8280,00 | 8280.00
2291 | 1212,00 | 1212.00
2292 | 2400,00 | 2400.00
2293 | 21600,00 | 21600.00
2294 | 1165,20 | 1165.20
2295 | 1350,00 | 1350.00
2296 | 3150,00 | 3150.00
2297 | 15000,00 | 15000.00
2298 | 6000,00 | 6000.00
2299 | 142800,00 | 142800.00
2300 | 16998,60 | 16998.60
2301 | 16998,60 | 16998.60
2302 | 16998,60 | 16998.60
2303 | 16998,60 | 16998.60
2304 | 56661,50 | 56661.50
2305 | 5666,20 | 5666.20
2306 | 5666,20 | 5666.20
2307 | 5666,20 | 5666.20
2308 | 5666,20 | 5666.20
2309 | 39663,05 | 39663.05
2310 | -168000,00 | -168000.00
2311 | -373966,19 | -373966.19
2312 | 95250,00 | 95250.00
2313 | 22410,00 | 22410.00
2314 | 3301,40 | 3301.40
2315 | 3000,00 | 3000.00
2316 | 431,25 | 431.25
2317 | 1006,25 | 1006.25
2318 | 16661,25 | 16661.25
2319 | 11859,38 | 11859.38
2320 | 1540,00 | 1540.00
2321 | 6900,00 | 6900.00
2322 | 1010,00 | 1010.00
2323 | 6250,00 | 6250.00
2324 | 2645,00 | 2645.00
2325 | 10590,00 | 10590.00
2326 | 26548,75 | 26548.75
2327 | 9911,25 | 9911.25
2328 | 6000,00 | 6000.00
2329 | 3750,00 | 3750.00
2330 | 750,00 | 750.00
2331 | 10143,75 | 10143.75
2332 | 125000,00 | 125000.00
2333 | 747,50 | 747.50
2334 | 54250,00 | 54250.00
2335 | 783,75 | 783.75
2336 | 39110,42 | 39110.42
2337 | 65699,64 | 65699.64
2338 | 17752,77 | 17752.77
2339 | 5783,24 | 5783.24
2340 | 121041,00 | 121041.00
2341 | 128913,68 | 128913.68
2342 | 21873,65 | 21873.65
2343 | 15000,00 | 15000.00
2344 | 45000,00 | 45000.00
2345 | 1085,00 | 1085.00
2346 | 4375,00 | 4375.00
2347 | 28175,00 | 28175.00
2348 | 184436,04 | 184436.04
2349 | 7631,25 | 7631.25
2350 | 50995,35 | 50995.35
2351 | 50995,35 | 50995.35
2352 | 67993,80 | 67993.80
2353 | 203981,40 | 203981.40
2354 | 203981,52 | 203981.52
2355 | 67993,80 | 67993.80
2356 | 5666,13 | 5666.13
2357 | 5666,13 | 5666.13
2358 | 5666,13 | 5666.13
2359 | 5666,13 | 5666.13
2360 | 67993,80 | 67993.80
2361 | 203981,52 | 203981.52
2362 | 5666,13 | 5666.13
2363 | 35999,86 | 35999.86
2364 | 5666,13 | 5666.13
2365 | 35999,86 | 35999.86
2366 | 5666,13 | 5666.13
2367 | 35999,86 | 35999.86
2368 | 5666,13 | 5666.13
2369 | 35999,86 | 35999.86
2370 | 611944,68 | 611944.68
2371 | 181706,00 | 181706.00
2372 | -203981,40 | -203981.40
2373 | 5666,20 | 5666.20
2374 | 5666,20 | 5666.20
2375 | 5666,20 | 5666.20
2376 | 5666,20 | 5666.20
2377 | 150000,00 | 150000.00
2378 | 124655,40 | 124655.40
2379 | 263062,22 | 263062.22
2380 | 67993,80 | 67993.80
2381 | 5666,20 | 5666.20
2382 | 5666,20 | 5666.20
2383 | 5666,20 | 5666.20
2384 | 5666,20 | 5666.20
2385 | 203981,52 | 203981.52
2386 | 5666,20 | 5666.20
2387 | 5666,20 | 5666.20
2388 | 5666,20 | 5666.20
2389 | 5666,20 | 5666.20
2390 | 203981,52 | 203981.52
2391 | 5666,20 | 5666.20
2392 | 5666,20 | 5666.20
2393 | 5666,20 | 5666.20
2394 | 5666,20 | 5666.20
2395 | 611944,68 | 611944.68
2396 | 5666,20 | 5666.20
2397 | 5666,20 | 5666.20
2398 | 5666,20 | 5666.20
2399 | 5666,20 | 5666.20
2400 | 168000,00 | 168000.00
2401 | 373966,19 | 373966.19
2402 | 18112,50 | 18112.50
2403 | 2310,00 | 2310.00
2404 | 5555,00 | 5555.00
2405 | 690,00 | 690.00
2406 | 690,00 | 690.00
2407 | 15180,00 | 15180.00
2408 | 21180,00 | 21180.00
2409 | 53097,50 | 53097.50
2410 | 19822,50 | 19822.50
2411 | 5000,00 | 5000.00
2412 | 2490,00 | 2490.00
2413 | 1500,00 | 1500.00
2414 | 5000,00 | 5000.00
2415 | 1085,00 | 1085.00
2416 | 1250,00 | 1250.00
2417 | 16885,00 | 16885.00
2418 | 28159,90 | 28159.90
2419 | 63250,00 | 63250.00
2420 | 12817,20 | 12817.20
2421 | 1000,00 | 1000.00
2422 | 187,50 | 187.50
2423 | 437,50 | 437.50
2424 | 33692,75 | 33692.75
2425 | 18750,00 | 18750.00
2426 | 25000,00 | 25000.00
2427 | 1017,50 | 1017.50
2428 | 40166,20 | 40166.20
2429 | 78865,21 | 78865.21
2430 | 93491,55 | 93491.55
2431 | 135000,00 | 135000.00
2432 | 5666,20 | 5666.20
2433 | 5666,20 | 5666.20
2434 | 5666,20 | 5666.20
2435 | 5666,20 | 5666.20
2436 | 31163,85 | 31163.85
2437 | 135000,00 | 135000.00
2438 | 5666,20 | 5666.20
2439 | 5666,20 | 5666.20
2440 | 5666,20 | 5666.20
2441 | 5666,20 | 5666.20
2442 | 8850,00 | 8850.00
2443 | 3392,50 | 3392.50
2444 | 6505,00 | 6505.00
2445 | 16910,00 | 16910.00
2446 | 8166,25 | 8166.25
2447 | 1650,00 | 1650.00
2448 | 20000,00 | 20000.00
2449 | 53223,75 | 53223.75
2450 | 30077,78 | 30077.78
2451 | 6250,00 | 6250.00
2452 | 2500,00 | 2500.00
2453 | 5000,00 | 5000.00
2454 | 813,75 | 813.75
2455 | 59368,75 | 59368.75
2456 | 23770,05 | 23770.05
2457 | 1540,00 | 1540.00
2458 | 61375,00 | 61375.00
2459 | 40166,20 | 40166.20
2460 | 70115,30 | 70115.30
2461 | 76919,70 | 76919.70
2462 | 1017,50 | 1017.50
2463 | 124655,40 | 124655.40
2464 | 23000,00 | 23000.00
2465 | 60300,00 | 60300.00
2466 | 25000,00 | 25000.00
2467 | 1000,00 | 1000.00
2468 | 37500,00 | 37500.00
2469 | 96360,00 | 96360.00
2470 | 110000,00 | 110000.00
2471 | 75000,00 | 75000.00
2472 | 400000,00 | 400000.00
2473 | 138000,00 | 138000.00
2474 | 60000,00 | 60000.00
2475 | 750000,00 | 750000.00
2476 | 40000,00 | 40000.00
2477 | 4812,50 | 4812.50
2478 | 7500,00 | 7500.00
2479 | 2062,50 | 2062.50
2480 | 62500,00 | 62500.00
2481 | 10000,00 | 10000.00
2482 | 5000,00 | 5000.00
2483 | 12750,00 | 12750.00
2484 | 22700,00 | 22700.00
2485 | 37500,00 | 37500.00
2486 | 18285,00 | 18285.00
2487 | 58168,75 | 58168.75
2488 | 5300,00 | 5300.00
2489 | 1006,25 | 1006.25
2490 | 431,25 | 431.25
2491 | 125000,00 | 125000.00
2492 | 20000,00 | 20000.00
2493 | 10000,00 | 10000.00
2494 | 443835,25 | 443835.25
2495 | 775431,30 | 775431.30
2496 | 101990,78 | 101990.78
2497 | 33996,92 | 33996.92
2498 | 320000,00 | 320000.00
2499 | 931274,46 | 931274.46
2500 | 53310,78 | 53310.78
2501 | 28000,00 | 28000.00
2502 | 62327,70 | 62327.70
2503 | 203981,40 | 203981.40
2504 | 49500,00 | 49500.00
2505 | 62327,70 | 62327.70
2506 | 13000,00 | 13000.00
2507 | 7500,00 | 7500.00
2508 | 3450,00 | 3450.00
2509 | 1000,00 | 1000.00
2510 | 240000,00 | 240000.00
2511 | 30000,00 | 30000.00
2512 | 568,75 | 568.75
2513 | 243,75 | 243.75
2514 | 59152,50 | 59152.50
2515 | 5666,20 | 5666.20
2516 | 5666,20 | 5666.20
2517 | 5666,20 | 5666.20
2518 | 5666,20 | 5666.20
2519 | 420000,00 | 420000.00
2520 | 261216,60 | 261216.60
2521 | 33791,88 | 33791.88
2522 | 9082,47 | 9082.47
2523 | 6000,00 | 6000.00
2524 | 10200,00 | 10200.00
2525 | 120000,00 | 120000.00
2526 | 976,50 | 976.50
2527 | 21600,00 | 21600.00
2528 | 22500,00 | 22500.00
2529 | 54000,00 | 54000.00
2530 | 24607,29 | 24607.29
2531 | 610,50 | 610.50
2532 | 5666,20 | 5666.20
2533 | 5666,20 | 5666.20
2534 | 5666,20 | 5666.20
2535 | 5666,20 | 5666.20
2536 | 339600,00 | 339600.00
2537 | 12000,00 | 12000.00
2538 | 18000,00 | 18000.00
2539 | 131880,00 | 131880.00
2540 | 900,00 | 900.00
2541 | 337942,50 | 337942.50
2542 | 1340625,00 | 1340625.00
2543 | 2400,00 | 2400.00
2544 | 770400,00 | 770400.00
2545 | 256800,00 | 256800.00
2546 | 1080000,00 | 1080000.00
2547 | 14857,50 | 14857.50
2548 | 6367,50 | 6367.50
2549 | 75000,00 | 75000.00
2550 | 611944,68 | 611944.68
2551 | 90000,00 | 90000.00
2552 | 67993,80 | 67993.80
2553 | 203981,52 | 203981.52
2554 | 3240000,00 | 3240000.00
2555 | 24000,00 | 24000.00
2556 | 67993,80 | 67993.80
2557 | 10800000,00 | 10800000.00
2558 | 1200000,00 | 1200000.00
2559 | 31200000,00 | 31200000.00
2560 | 72000,00 | 72000.00
2561 | 203981,52 | 203981.52
2562 | 203981,52 | 203981.52
2563 | 540000,00 | 540000.00
2564 | 10800000,00 | 10800000.00
2565 | 5400000,00 | 5400000.00
2566 | 203981,52 | 203981.52
2567 | 1920000,00 | 1920000.00
2568 | 33791,88 | 33791.88
2569 | 60000,00 | 60000.00
2570 | 150000,00 | 150000.00
2571 | 48998,23 | 48998.23
2572 | 3600000,00 | 3600000.00
2573 | 1200000,00 | 1200000.00
2574 | 3240000,00 | 3240000.00
2575 | 611944,68 | 611944.68
2576 | 10800000,00 | 10800000.00
2577 | 360000,00 | 360000.00
2578 | 67993,80 | 67993.80
2579 | 120000,00 | 120000.00
2580 | 80000,00 | 80000.00
2581 | 16998,39 | 16998.39
2582 | 67583,76 | 67583.76
2583 | 60000,00 | 60000.00
2584 | 359998,56 | 359998.56
2585 | 150000,00 | 150000.00
2586 | 152986,17 | 152986.17
2587 | 300000,00 | 300000.00
2588 | 67993,80 | 67993.80
2589 | 120000,00 | 120000.00
2590 | 45000,00 | 45000.00
2591 | 203981,52 | 203981.52
2592 | 120000,00 | 120000.00
2593 | 45000,00 | 45000.00
2594 | 18000000,00 | 18000000.00
2595 | 72000,00 | 72000.00
2596 | 127488,45 | 127488.45
2597 | 1200000,00 | 1200000.00
2598 | 67993,80 | 67993.80
2599 | 31200000,00 | 31200000.00
2600 | 72000,00 | 72000.00
2601 | 560949,29 | 560949.29
2602 | 3960000,00 | 3960000.00
2603 | 150000,00 | 150000.00
2604 | 611944,68 | 611944.68
2605 | 1200000,00 | 1200000.00
2606 | 152986,17 | 152986.17
2607 | 300000,00 | 300000.00
2608 | 611944,68 | 611944.68
2609 | 120000,00 | 120000.00
2610 | 80000,00 | 80000.00
2611 | 99999,60 | 99999.60
2612 | 99999,60 | 99999.60
2613 | 99999,60 | 99999.60
2614 | 99999,60 | 99999.60
2615 | 2599989,60 | 2599989.60
2616 | 2599989,60 | 2599989.60
2617 | 2599989,60 | 2599989.60
2618 | 2599989,60 | 2599989.60
2619 | 540000,00 | 540000.00
2620 | 67993,80 | 67993.80
2621 | 540000,00 | 540000.00
2622 | 72000,00 | 72000.00
2623 | 67993,80 | 67993.80
2624 | 432000,00 | 432000.00
2625 | 432000,00 | 432000.00
2626 | 960000,00 | 960000.00
2627 | 67993,80 | 67993.80
2628 | 12499,95 | 12499.95
2629 | 35999,86 | 35999.86
2630 | 5666,13 | 5666.13
2631 | 21921,77 | 21921.77
2632 | 12499,95 | 12499.95
2633 | 35999,86 | 35999.86
2634 | 5666,13 | 5666.13
2635 | 21921,77 | 21921.77
2636 | 12499,95 | 12499.95
2637 | 35999,86 | 35999.86
2638 | 5666,13 | 5666.13
2639 | 21921,77 | 21921.77
2640 | 12499,95 | 12499.95
2641 | 35999,86 | 35999.86
2642 | 5666,13 | 5666.13
2643 | 21921,77 | 21921.77
2644 | 12499,95 | 12499.95
2645 | 5999,98 | 5999.98
2646 | 12499,95 | 12499.95
2647 | 5999,98 | 5999.98
2648 | 12499,95 | 12499.95
2649 | 5999,98 | 5999.98
2650 | 12499,95 | 12499.95
2651 | 5999,98 | 5999.98
2652 | 15562,50 | 15562.50
2653 | 17500,00 | 17500.00
2654 | 50000,00 | 50000.00
2655 | 10000,00 | 10000.00
2656 | 18612,50 | 18612.50
2657 | 74700,00 | 74700.00
2658 | 50000,00 | 50000.00
2659 | 12000,00 | 12000.00
2660 | 30000,00 | 30000.00
2661 | 33340,00 | 33340.00
2662 | 263062,22 | 263062.22
2663 | 611944,68 | 611944.68
2664 | 230400,00 | 230400.00
2665 | 7200000,00 | 7200000.00
2666 | 1800000,00 | 1800000.00
2667 | 1800000,00 | 1800000.00
2668 | 415,00 | 415.00
2669 | 32000,00 | 32000.00
2670 | 431,25 | 431.25
2671 | 14000,00 | 14000.00
2672 | 50000,00 | 50000.00
2673 | 24211,56 | 24211.56
2674 | 90000,00 | 90000.00
2675 | 100000,00 | 100000.00
2676 | 263062,22 | 263062.22
2677 | 203981,52 | 203981.52
2678 | 25000,00 | 25000.00
2679 | 50000,00 | 50000.00
2680 | 263062,22 | 263062.22
2681 | 60000,00 | 60000.00
2682 | 611944,68 | 611944.68
2683 | 108000,00 | 108000.00
2684 | 30800,00 | 30800.00
2685 | 18000,00 | 18000.00
2686 | 30000,00 | 30000.00
2687 | 12500,00 | 12500.00
2688 | 7200,00 | 7200.00
2689 | 91125,00 | 91125.00
2690 | 28165,00 | 28165.00
2691 | 51875,00 | 51875.00
2692 | 50000,00 | 50000.00
2693 | 30000,00 | 30000.00
2694 | 263062,22 | 263062.22
2695 | 20000,00 | 20000.00
2696 | 82987,44 | 82987.44
2697 | 21226,00 | 21226.00
2698 | 50000,00 | 50000.00
2699 | 263062,22 | 263062.22
2700 | 30000,00 | 30000.00
2701 | 72856,44 | 72856.44
2702 | 127600,00 | 127600.00
2703 | 8750,00 | 8750.00
2704 | 25000,00 | 25000.00
2705 | 20000,00 | 20000.00
2706 | 10750,00 | 10750.00
2707 | 67993,80 | 67993.80
2708 | 611944,68 | 611944.68
2709 | 611944,68 | 611944.68
2710 | 1200000,00 | 1200000.00
2711 | 13900,00 | 13900.00
2712 | 14900,00 | 14900.00
2713 | 17800,00 | 17800.00
2714 | 7900,00 | 7900.00
2715 | 10800,00 | 10800.00
2716 | 30800,00 | 30800.00
2717 | 101990,78 | 101990.78
2718 | 263062,24 | 263062.24
2719 | 150000,00 | 150000.00
2720 | 263062,24 | 263062.24
2721 | 141300,00 | 141300.00
2722 | 171731,37 | 171731.37
2723 | 40000,00 | 40000.00
2724 | 526124,48 | 526124.48
2725 | 300000,00 | 300000.00
2726 | 101990,78 | 101990.78
2727 | 101990,78 | 101990.78
2728 | 101990,78 | 101990.78
2729 | -373966,20 | -373966.20
2730 | 109500,00 | 109500.00
2731 | 1494000,00 | 1494000.00
2732 | 2106000,00 | 2106000.00
2733 | 8100,00 | 8100.00
2734 | 1471612,50 | 1471612.50
2735 | 607500,00 | 607500.00
2736 | 1452937,50 | 1452937.50
2737 | 1200000,00 | 1200000.00
2738 | 373966,20 | 373966.20
2739 | 373966,20 | 373966.20
2740 | 1200000,00 | 1200000.00
2741 | 373966,20 | 373966.20
2742 | 373966,20 | 373966.20
2743 | 373966,20 | 373966.20
2744 | 13500,00 | 13500.00
2745 | 12000,00 | 12000.00
2746 | 1200,00 | 1200.00
2747 | 12000,00 | 12000.00
2748 | 52682,94 | 52682.94
2749 | 60000,00 | 60000.00
2750 | 11205,00 | 11205.00
2751 | 15200,00 | 15200.00
2752 | 192000,00 | 192000.00
2753 | 300000,00 | 300000.00
2754 | 3600000,00 | 3600000.00
2755 | 3600000,00 | 3600000.00
2756 | 3600000,00 | 3600000.00
2757 | -373966,20 | -373966.20
2758 | 72000,00 | 72000.00
2759 | 4800,00 | 4800.00
2760 | 19500,00 | 19500.00
2761 | 1200,00 | 1200.00
2762 | 72000,00 | 72000.00
2763 | 132000,00 | 132000.00
2764 | 9360,00 | 9360.00
2765 | 1200000,00 | 1200000.00
2766 | 1200000,00 | 1200000.00
2767 | 561772,40 | 561772.40
2768 | 72000,00 | 72000.00
2769 | 450000,00 | 450000.00
2770 | 5400000,00 | 5400000.00
2771 | 254976,95 | 254976.95
2772 | 254976,95 | 254976.95
2773 | 40000,00 | 40000.00
2774 | 1350000,00 | 1350000.00
2775 | 420000,00 | 420000.00
2776 | 2010000,00 | 2010000.00
2777 | 150000,00 | 150000.00
2778 | 373966,20 | 373966.20
2779 | 960000,00 | 960000.00
2780 | 33791,88 | 33791.88
2781 | 240513,40 | 240513.40
2782 | 375585,00 | 375585.00
2783 | 150000,00 | 150000.00
2784 | 373966,20 | 373966.20
2785 | 131531,11 | 131531.11
2786 | 540000,00 | 540000.00
2787 | 7800000,00 | 7800000.00
2788 | 4320000,00 | 4320000.00
2789 | 4320000,00 | 4320000.00
2790 | 4350,00 | 4350.00
2791 | 120000,00 | 120000.00
2792 | 9000,00 | 9000.00
2793 | 12000,00 | 12000.00
2794 | 75000,00 | 75000.00
2795 | 30000,00 | 30000.00
2796 | 1691076,09 | 1691076.09
2797 | 487665,00 | 487665.00
2798 | 120000,00 | 120000.00
2799 | 60000,00 | 60000.00
2800 | -373966,20 | -373966.20
2801 | 27000,00 | 27000.00
2802 | 4400,00 | 4400.00
2803 | 4000,00 | 4000.00
2804 | 22000,00 | 22000.00
2805 | 4000,00 | 4000.00
2806 | 4000,00 | 4000.00
2807 | 120000,00 | 120000.00
2808 | 100000,00 | 100000.00
2809 | 1221,00 | 1221.00
2810 | 18000,00 | 18000.00
2811 | 1500,00 | 1500.00
2812 | 1302,00 | 1302.00
2813 | 1500,00 | 1500.00
2814 | 2250,00 | 2250.00
2815 | 3000,00 | 3000.00
2816 | 36000,00 | 36000.00
2817 | 600,00 | 600.00
2818 | 3600,00 | 3600.00
2819 | 22500,00 | 22500.00
2820 | 33000,00 | 33000.00
2821 | 3000,00 | 3000.00
2822 | 9000,00 | 9000.00
2823 | 1800,00 | 1800.00
2824 | 36000,00 | 36000.00
2825 | 9525,00 | 9525.00
2826 | 120000,00 | 120000.00
2827 | 12000,00 | 12000.00
2828 | 9000,00 | 9000.00
2829 | 22500,00 | 22500.00
2830 | 600000,00 | 600000.00
2831 | 600000,00 | 600000.00
2832 | 373966,20 | 373966.20
2833 | 373966,20 | 373966.20
2834 | 459690,16 | 459690.16
2835 | 821100,00 | 821100.00
2836 | 10998,00 | 10998.00
2837 | 38124,00 | 38124.00
2838 | 54642,00 | 54642.00
2839 | 142044,00 | 142044.00
2840 | 95575,50 | 95575.50
2841 | 68596,50 | 68596.50
2842 | 35680,50 | 35680.50
2843 | 149400,00 | 149400.00
2844 | 8775,00 | 8775.00
2845 | 20475,00 | 20475.00
2846 | 270000,00 | 270000.00
2847 | 12120,00 | 12120.00
2848 | 4140,00 | 4140.00
2849 | 99360,00 | 99360.00
2850 | 2523,00 | 2523.00
2851 | 80871,72 | 80871.72
2852 | 16000,00 | 16000.00
2853 | 80871,72 | 80871.72
2854 | 16806,72 | 16806.72
2855 | 203981,52 | 203981.52
2856 | 203981,52 | 203981.52
2857 | 611944,68 | 611944.68
2858 | 31163,85 | 31163.85
2859 | 373966,20 | 373966.20
2860 | 373966,20 | 373966.20
2861 | 373966,20 | 373966.20
2862 | 203981,52 | 203981.52
2863 | 373966,20 | 373966.20
2864 | 373966,20 | 373966.20
2865 | 373966,20 | 373966.20
2866 | 373966,20 | 373966.20
2867 | 373966,20 | 373966.20
2868 | 373966,20 | 373966.20
2869 | 373966,20 | 373966.20
2870 | 373966,20 | 373966.20
2871 | 373966,20 | 373966.20
2872 | 373966,20 | 373966.20
2873 | 203981,52 | 203981.52
2874 | 373966,20 | 373966.20
2875 | 373966,20 | 373966.20
2876 | 373966,20 | 373966.20
2877 | 373966,20 | 373966.20
2878 | 373966,20 | 373966.20
2879 | 373966,20 | 373966.20
2880 | 373966,20 | 373966.20
2881 | 373966,20 | 373966.20
2882 | 373966,20 | 373966.20
2883 | 373966,20 | 373966.20
2884 | 203981,52 | 203981.52
2885 | 373966,20 | 373966.20
2886 | 373966,20 | 373966.20
2887 | 373966,20 | 373966.20
2888 | 373966,20 | 373966.20
2889 | 373966,20 | 373966.20
2890 | 373966,20 | 373966.20
2891 | 373966,20 | 373966.20
2892 | 373966,20 | 373966.20
2893 | 20000,00 | 20000.00
2894 | 4707767,03 | 4707767.03
2895 | 203981,52 | 203981.52
2896 | 37084,98 | 37084.98
2897 | 445019,75 | 445019.75
2898 | 445019,76 | 445019.76
2899 | 445019,76 | 445019.76
2900 | 445019,76 | 445019.76
2901 | 445019,76 | 445019.76
2902 | 373966,20 | 373966.20
2903 | 373966,20 | 373966.20
2904 | 373966,20 | 373966.20
2905 | 373966,20 | 373966.20
2906 | 640141,44 | 640141.44
2907 | 630686,63 | 630686.63
2908 | 33613,44 | 33613.44
2909 | 373966,20 | 373966.20
2910 | 31163,85 | 31163.85
2911 | 373966,20 | 373966.20
2912 | 373966,20 | 373966.20
2913 | 373966,20 | 373966.20
2914 | 373966,20 | 373966.20
2915 | 373966,20 | 373966.20
2916 | 37084,98 | 37084.98
2917 | 445019,76 | 445019.76
2918 | 445019,76 | 445019.76
2919 | 67993,80 | 67993.80
2920 | 445019,76 | 445019.76
2921 | 445019,76 | 445019.76
2922 | 445019,76 | 445019.76
2923 | 31163,85 | 31163.85
2924 | 373966,20 | 373966.20
2925 | 373966,20 | 373966.20
2926 | 373966,20 | 373966.20
2927 | 373966,20 | 373966.20
2928 | 373966,20 | 373966.20
2929 | 31163,85 | 31163.85
2930 | 22500,00 | 22500.00
2931 | 373966,20 | 373966.20
2932 | 373966,20 | 373966.20
2933 | 22500,00 | 22500.00
2934 | 22500,00 | 22500.00
2935 | 20000,00 | 20000.00
2936 | 72450,00 | 72450.00
2937 | 19599,00 | 19599.00
2938 | 675,00 | 675.00
2939 | 1575,00 | 1575.00
2940 | 11880,00 | 11880.00
2941 | 2424,00 | 2424.00
2942 | 4554,00 | 4554.00
2943 | 1261,50 | 1261.50
2944 | 15612,00 | 15612.00
2945 | 40584,00 | 40584.00
2946 | 203981,52 | 203981.52
2947 | 150000,00 | 150000.00
2948 | 222338,48 | 222338.48
2949 | 607993,80 | 607993.80
2950 | 607993,80 | 607993.80
2951 | 203981,52 | 203981.52
2952 | 1897,50 | 1897.50
2953 | 104,49 | 104.49
2954 | 4392,00 | 4392.00
2955 | 1084,86 | 1084.86
2956 | 7260,00 | 7260.00
2957 | 13500,00 | 13500.00
2958 | 1692,00 | 1692.00
2959 | 77760,00 | 77760.00
2960 | 1302,00 | 1302.00
2961 | 8232,00 | 8232.00
2962 | 2922,30 | 2922.30
2963 | 73,36 | 73.36
2964 | 36000,00 | 36000.00
2965 | 300,00 | 300.00
2966 | 13176,00 | 13176.00
2967 | 18108,00 | 18108.00
2968 | 19764,00 | 19764.00
2969 | 2050,50 | 2050.50
2970 | 18150,00 | 18150.00
2971 | 3888,00 | 3888.00
2972 | 3384,00 | 3384.00
2973 | 1897,50 | 1897.50
2974 | 2400,00 | 2400.00
2975 | 11520,00 | 11520.00
2976 | 78000,00 | 78000.00
2977 | 24696,00 | 24696.00
2978 | 610,50 | 610.50
2979 | 2604,00 | 2604.00
2980 | 11520,00 | 11520.00
2981 | 13176,00 | 13176.00
2982 | 18108,00 | 18108.00
2983 | 19764,00 | 19764.00
2984 | 18150,00 | 18150.00
2985 | 3888,00 | 3888.00
2986 | 3384,00 | 3384.00
2987 | 2050,50 | 2050.50
2988 | 2400,00 | 2400.00
2989 | 84000,00 | 84000.00
2990 | 24696,00 | 24696.00
2991 | 1897,50 | 1897.50
2992 | 610,50 | 610.50
2993 | 2604,00 | 2604.00
2994 | 58800,00 | 58800.00
2995 | 3000,00 | 3000.00
2996 | 9000,00 | 9000.00
2997 | 168822,00 | 168822.00
2998 | 3207,00 | 3207.00
2999 | 49,82 | 49.82
3000 | 270,00 | 270.00
3001 | 21900,00 | 21900.00
3002 | 7388,52 | 7388.52
3003 | 4512,00 | 4512.00
3004 | 1221,00 | 1221.00
3005 | 2604,00 | 2604.00
3006 | 202586,40 | 202586.40
3007 | 66420,00 | 66420.00
3008 | 2793,00 | 2793.00
3009 | 692,00 | 692.00
3010 | 2677,08 | 2677.08
3011 | 67993,80 | 67993.80
3012 | 10000,00 | 10000.00
3013 | 220800,00 | 220800.00
3014 | 162000,00 | 162000.00
3015 | 27600,00 | 27600.00
3016 | 27600,00 | 27600.00
3017 | 231840,00 | 231840.00
3018 | 16659,00 | 16659.00
3019 | 7569,00 | 7569.00
3020 | 72450,00 | 72450.00
3021 | 75900,00 | 75900.00
3022 | 215625,00 | 215625.00
3023 | 216216,00 | 216216.00
3024 | 32874,00 | 32874.00
3025 | 103537,50 | 103537.50
3026 | 28800,00 | 28800.00
3027 | 27000,00 | 27000.00
3028 | 21000,00 | 21000.00
3029 | 435000,00 | 435000.00
3030 | 13800,00 | 13800.00
3031 | 45000,00 | 45000.00
3032 | 474000,00 | 474000.00
3033 | 153300,00 | 153300.00
3034 | 6480,00 | 6480.00
3035 | 1740,00 | 1740.00
3036 | 11475,00 | 11475.00
3037 | 9300,00 | 9300.00
3038 | 24750,00 | 24750.00
3039 | 3960,00 | 3960.00
3040 | 3600,00 | 3600.00
3041 | 6300,00 | 6300.00
3042 | 192462,00 | 192462.00
3043 | 3466,79 | 3466.79
3044 | 2922,30 | 2922.30
3045 | 4057,80 | 4057.80
3046 | 3468,06 | 3468.06
3047 | 675,00 | 675.00
3048 | 8760,00 | 8760.00
3049 | 2793,00 | 2793.00
3050 | 25584,00 | 25584.00
3051 | 10488,00 | 10488.00
3052 | 4557,00 | 4557.00
3053 | 1200,00 | 1200.00
3054 | 1575,00 | 1575.00
3055 | 11520,00 | 11520.00
3056 | 18108,00 | 18108.00
3057 | 19764,00 | 19764.00
3058 | 430971,00 | 430971.00
3059 | 5692,50 | 5692.50
3060 | 924,00 | 924.00
3061 | 1431750,00 | 1431750.00
3062 | 680400,00 | 680400.00
3063 | 5454,00 | 5454.00
3064 | 10998,00 | 10998.00
3065 | 90000,00 | 90000.00
3066 | 4800,00 | 4800.00
3067 | 9707,20 | 9707.20
3068 | 49158,00 | 49158.00
3069 | 375,00 | 375.00
3070 | 1440,00 | 1440.00
3071 | 4860,00 | 4860.00
3072 | 5068,50 | 5068.50
3073 | 1221,00 | 1221.00
3074 | 2604,00 | 2604.00
3075 | 13176,00 | 13176.00
3076 | 24696,00 | 24696.00
3077 | 22500,00 | 22500.00
3078 | 15000,00 | 15000.00
3079 | 31871,25 | 31871.25
3080 | 4029777,00 | 4029777.00
3081 | 62327,65 | 62327.65
3082 | 150000,00 | 150000.00
3083 | 10387,91 | 10387.91
3084 | 35999,86 | 35999.86
3085 | 10387,91 | 10387.91
3086 | 35999,86 | 35999.86
3087 | 10387,91 | 10387.91
3088 | 35999,86 | 35999.86
3089 | 10387,91 | 10387.91
3090 | 35999,86 | 35999.86
3091 | 10387,91 | 10387.91
3092 | 35999,86 | 35999.86
3093 | 10387,91 | 10387.91
3094 | 35999,86 | 35999.86
3095 | 10387,91 | 10387.91
3096 | 35999,86 | 35999.86
3097 | 10387,91 | 10387.91
3098 | 35999,86 | 35999.86
3099 | 720000,24 | 720000.24
3100 | 504191,40 | 504191.40
3101 | 5666,13 | 5666.13
3102 | 5666,13 | 5666.13
3103 | 5666,13 | 5666.13
3104 | 5666,13 | 5666.13
3105 | 139999,44 | 139999.44
3106 | 139999,44 | 139999.44
3107 | 139999,44 | 139999.44
3108 | 139999,44 | 139999.44
3109 | 203981,52 | 203981.52
3110 | 203981,52 | 203981.52
3111 | 1200000,00 | 1200000.00
3112 | 1200000,00 | 1200000.00
3113 | 611944,68 | 611944.68
3114 | 611944,68 | 611944.68
3115 | 611944,68 | 611944.68
3116 | 611944,68 | 611944.68
3117 | 611944,68 | 611944.68
3118 | 1800000,00 | 1800000.00
3119 | 67993,80 | 67993.80
3120 | 3491,90 | 3491.90
3121 | 5005,76 | 5005.76
3122 | 70400,00 | 70400.00
3123 | 100000,00 | 100000.00
3124 | 611944,68 | 611944.68
3125 | 611944,68 | 611944.68
3126 | 611944,68 | 611944.68
3127 | 203981,52 | 203981.52
3128 | 168000,00 | 168000.00
3129 | 5400000,00 | 5400000.00
3130 | 4000,00 | 4000.00
3131 | 47400,00 | 47400.00
3132 | 22800,00 | 22800.00
3133 | 400,00 | 400.00
3134 | 400,00 | 400.00
3135 | 26400,00 | 26400.00
3136 | 400,00 | 400.00
3137 | 643,00 | 643.00
3138 | 400,00 | 400.00
3139 | 1463,00 | 1463.00
3140 | 400,00 | 400.00
3141 | 9343,00 | 9343.00
3142 | 400,00 | 400.00
3143 | 746,00 | 746.00
3144 | 400,00 | 400.00
3145 | 4524,00 | 4524.00
3146 | 25000,00 | 25000.00
3147 | 560949,24 | 560949.24
3148 | 118990,20 | 118990.20
3149 | 263062,22 | 263062.22
3150 | 13400,00 | 13400.00
3151 | 40000,00 | 40000.00
3152 | 5666,13 | 5666.13
3153 | 35999,86 | 35999.86
3154 | 5666,13 | 5666.13
3155 | 35999,86 | 35999.86
3156 | 5666,13 | 5666.13
3157 | 35999,86 | 35999.86
3158 | 5666,13 | 5666.13
3159 | 35999,86 | 35999.86
3160 | 10387,91 | 10387.91
3161 | 35999,86 | 35999.86
3162 | 10387,91 | 10387.91
3163 | 35999,86 | 35999.86
3164 | 10387,91 | 10387.91
3165 | 35999,86 | 35999.86
3166 | 10387,91 | 10387.91
3167 | 35999,86 | 35999.86
3168 | 10387,91 | 10387.91
3169 | 35999,86 | 35999.86
3170 | 10387,91 | 10387.91
3171 | 35999,86 | 35999.86
3172 | 10387,91 | 10387.91
3173 | 35999,86 | 35999.86
3174 | 10387,91 | 10387.91
3175 | 35999,86 | 35999.86
3176 | 10387,91 | 10387.91
3177 | 35999,86 | 35999.86
3178 | 10387,91 | 10387.91
3179 | 35999,86 | 35999.86
3180 | 10387,91 | 10387.91
3181 | 35999,86 | 35999.86
3182 | 10387,91 | 10387.91
3183 | 35999,86 | 35999.86
3184 | 203981,52 | 203981.52
3185 | 10387,91 | 10387.91
3186 | 35999,86 | 35999.86
3187 | 10387,91 | 10387.91
3188 | 35999,86 | 35999.86
3189 | 10387,91 | 10387.91
3190 | 35999,86 | 35999.86
3191 | 10387,91 | 10387.91
3192 | 35999,86 | 35999.86
3193 | 10387,91 | 10387.91
3194 | 35999,86 | 35999.86
3195 | 10387,91 | 10387.91
3196 | 35999,86 | 35999.86
3197 | 10387,91 | 10387.91
3198 | 35999,86 | 35999.86
3199 | 10387,91 | 10387.91
3200 | 35999,86 | 35999.86
3201 | 10387,91 | 10387.91
3202 | 35999,86 | 35999.86
3203 | 10387,91 | 10387.91
3204 | 35999,86 | 35999.86
3205 | 10387,91 | 10387.91
3206 | 35999,86 | 35999.86
3207 | 10387,91 | 10387.91
3208 | 35999,86 | 35999.86
3209 | 35999,86 | 35999.86
3210 | 35999,86 | 35999.86
3211 | 35999,86 | 35999.86
3212 | 35999,86 | 35999.86
3213 | 31163,73 | 31163.73
3214 | 31163,73 | 31163.73
3215 | 31163,73 | 31163.73
3216 | 31163,73 | 31163.73
3217 | 10387,91 | 10387.91
3218 | 35999,86 | 35999.86
3219 | 10387,91 | 10387.91
3220 | 35999,86 | 35999.86
3221 | 10387,91 | 10387.91
3222 | 35999,86 | 35999.86
3223 | 10387,91 | 10387.91
3224 | 35999,86 | 35999.86
3225 | 263062,22 | 263062.22
3226 | 5666,13 | 5666.13
3227 | 35999,86 | 35999.86
3228 | 5666,13 | 5666.13
3229 | 35999,86 | 35999.86
3230 | 5666,13 | 5666.13
3231 | 35999,86 | 35999.86
3232 | 5666,13 | 5666.13
3233 | 35999,86 | 35999.86
3234 | 5666,13 | 5666.13
3235 | 35999,86 | 35999.86
3236 | 5666,13 | 5666.13
3237 | 35999,86 | 35999.86
3238 | 5666,13 | 5666.13
3239 | 35999,86 | 35999.86
3240 | 5666,13 | 5666.13
3241 | 35999,86 | 35999.86
3242 | 10387,91 | 10387.91
3243 | 35999,86 | 35999.86
3244 | 10387,91 | 10387.91
3245 | 35999,86 | 35999.86
3246 | 10387,91 | 10387.91
3247 | 35999,86 | 35999.86
3248 | 10387,91 | 10387.91
3249 | 35999,86 | 35999.86
3250 | 5666,13 | 5666.13
3251 | 35999,86 | 35999.86
3252 | 5666,13 | 5666.13
3253 | 35999,86 | 35999.86
3254 | 5666,13 | 5666.13
3255 | 35999,86 | 35999.86
3256 | 5666,13 | 5666.13
3257 | 35999,86 | 35999.86
3258 | 10387,91 | 10387.91
3259 | 35999,86 | 35999.86
3260 | 10387,91 | 10387.91
3261 | 35999,86 | 35999.86
3262 | 10387,91 | 10387.91
3263 | 35999,86 | 35999.86
3264 | 10387,91 | 10387.91
3265 | 35999,86 | 35999.86
3266 | 10387,91 | 10387.91
3267 | 35999,86 | 35999.86
3268 | 10387,91 | 10387.91
3269 | 35999,86 | 35999.86
3270 | 10387,91 | 10387.91
3271 | 35999,86 | 35999.86
3272 | 10387,91 | 10387.91
3273 | 35999,86 | 35999.86
3274 | 10387,91 | 10387.91
3275 | 35999,86 | 35999.86
3276 | 10387,91 | 10387.91
3277 | 35999,86 | 35999.86
3278 | 10387,91 | 10387.91
3279 | 35999,86 | 35999.86
3280 | 10387,91 | 10387.91
3281 | 35999,86 | 35999.86
3282 | 10387,91 | 10387.91
3283 | 35999,86 | 35999.86
3284 | 10387,91 | 10387.91
3285 | 35999,86 | 35999.86
3286 | 10387,91 | 10387.91
3287 | 35999,86 | 35999.86
3288 | 10387,91 | 10387.91
3289 | 35999,86 | 35999.86
3290 | 180000,00 | 180000.00
3291 | 100000,00 | 100000.00
3292 | 5666,13 | 5666.13
3293 | 35999,86 | 35999.86
3294 | 5666,13 | 5666.13
3295 | 35999,86 | 35999.86
3296 | 5666,13 | 5666.13
3297 | 35999,86 | 35999.86
3298 | 5666,13 | 5666.13
3299 | 35999,86 | 35999.86
3300 | 16998,39 | 16998.39
3301 | 35999,86 | 35999.86
3302 | 16998,39 | 16998.39
3303 | 35999,86 | 35999.86
3304 | 16998,39 | 16998.39
3305 | 35999,86 | 35999.86
3306 | 16998,39 | 16998.39
3307 | 35999,86 | 35999.86
3308 | 5666,13 | 5666.13
3309 | 35999,86 | 35999.86
3310 | 5666,13 | 5666.13
3311 | 35999,86 | 35999.86
3312 | 5666,13 | 5666.13
3313 | 35999,86 | 35999.86
3314 | 5666,13 | 5666.13
3315 | 35999,86 | 35999.86
3316 | 35999,86 | 35999.86
3317 | 35999,86 | 35999.86
3318 | 35999,86 | 35999.86
3319 | 35999,86 | 35999.86
3320 | 31163,73 | 31163.73
3321 | 31163,73 | 31163.73
3322 | 31163,73 | 31163.73
3323 | 31163,73 | 31163.73
3324 | 10387,91 | 10387.91
3325 | 35999,86 | 35999.86
3326 | 10387,91 | 10387.91
3327 | 35999,86 | 35999.86
3328 | 10387,91 | 10387.91
3329 | 35999,86 | 35999.86
3330 | 10387,91 | 10387.91
3331 | 35999,86 | 35999.86
3332 | 10387,91 | 10387.91
3333 | 35999,86 | 35999.86
3334 | 10387,91 | 10387.91
3335 | 35999,86 | 35999.86
3336 | 10387,91 | 10387.91
3337 | 35999,86 | 35999.86
3338 | 10387,91 | 10387.91
3339 | 35999,86 | 35999.86
3340 | 10387,91 | 10387.91
3341 | 35999,86 | 35999.86
3342 | 10387,91 | 10387.91
3343 | 35999,86 | 35999.86
3344 | 10387,91 | 10387.91
3345 | 35999,86 | 35999.86
3346 | 10387,91 | 10387.91
3347 | 35999,86 | 35999.86
3348 | 10387,91 | 10387.91
3349 | 35999,86 | 35999.86
3350 | 10387,91 | 10387.91
3351 | 35999,86 | 35999.86
3352 | 10387,91 | 10387.91
3353 | 35999,86 | 35999.86
3354 | 10387,91 | 10387.91
3355 | 35999,86 | 35999.86
3356 | 16998,60 | 16998.60
3357 | 16998,60 | 16998.60
3358 | 16998,60 | 16998.60
3359 | 16998,60 | 16998.60
3360 | 611944,55 | 611944.55
3361 | 50995,80 | 50995.80
3362 | 5666,20 | 5666.20
3363 | 5666,20 | 5666.20
3364 | 5666,20 | 5666.20
3365 | 5666,20 | 5666.20
3366 | 5666,20 | 5666.20
3367 | 5666,20 | 5666.20
3368 | 5666,20 | 5666.20
3369 | 5666,20 | 5666.20
3370 | 5666,20 | 5666.20
3371 | 5666,20 | 5666.20
3372 | 5666,20 | 5666.20
3373 | 5666,20 | 5666.20
3374 | 16998,60 | 16998.60
3375 | 16998,60 | 16998.60
3376 | 16998,60 | 16998.60
3377 | 16998,60 | 16998.60
3378 | 335918,75 | 335918.75
3379 | 1560250,00 | 1560250.00
3380 | 56319,85 | 56319.85
3381 | 100000,00 | 100000.00
3382 | 60000,00 | 60000.00
3383 | 52500,00 | 52500.00
3384 | 150000,00 | 150000.00
3385 | 11263,97 | 11263.97
3386 | 1301543,75 | 1301543.75
3387 | 11330,60 | 11330.60
3388 | 646750,00 | 646750.00
3389 | 28159,92 | 28159.92
3390 | 50000,00 | 50000.00
3391 | 30000,00 | 30000.00
3392 | 26250,00 | 26250.00
3393 | 75000,00 | 75000.00
3394 | 5631,98 | 5631.98
3395 | 530681,25 | 530681.25
3396 | 16998,60 | 16998.60
3397 | 16998,60 | 16998.60
3398 | 16998,60 | 16998.60
3399 | 16998,60 | 16998.60
3400 | 533451,21 | 533451.21
3401 | 525572,19 | 525572.19
3402 | 150000,00 | 150000.00
3403 | 1835834,04 | 1835834.04
3404 | 219218,52 | 219218.52
3405 | 255648,38 | 255648.38
3406 | 5666,20 | 5666.20
3407 | 5666,20 | 5666.20
3408 | 5666,20 | 5666.20
3409 | 5666,20 | 5666.20
3410 | 5666,20 | 5666.20
3411 | 5666,20 | 5666.20
3412 | 5666,20 | 5666.20
3413 | 5666,20 | 5666.20
3414 | 5666,20 | 5666.20
3415 | 5666,20 | 5666.20
3416 | 5666,20 | 5666.20
3417 | 5666,20 | 5666.20
3418 | 16998,60 | 16998.60
3419 | 16998,60 | 16998.60
3420 | 16998,60 | 16998.60
3421 | 16998,60 | 16998.60
3422 | 398116,24 | 398116.24
3423 | 326250,00 | 326250.00
3424 | 28159,90 | 28159.90
3425 | 50000,00 | 50000.00
3426 | 30000,00 | 30000.00
3427 | 8750,00 | 8750.00
3428 | 25000,00 | 25000.00
3429 | 5631,98 | 5631.98
3430 | 215281,25 | 215281.25
3431 | 16998,60 | 16998.60
3432 | 16998,60 | 16998.60
3433 | 16998,60 | 16998.60
3434 | 16998,60 | 16998.60
3435 | 203981,36 | 203981.36
3436 | 0,03 | 0.03
3437 | 16998,60 | 16998.60
3438 | 16998,60 | 16998.60
3439 | 16998,60 | 16998.60
3440 | 16998,60 | 16998.60
3441 | 359111,15 | 359111.15
3442 | 77000,00 | 77000.00
3443 | 26975,00 | 26975.00
3444 | 50000,00 | 50000.00
3445 | 30000,00 | 30000.00
3446 | 219218,52 | 219218.52
3447 | 43843,70 | 43843.70
3448 | 50995,80 | 50995.80
3449 | 5666,20 | 5666.20
3450 | 5666,20 | 5666.20
3451 | 5666,20 | 5666.20
3452 | 5666,20 | 5666.20
3453 | 18750,00 | 18750.00
3454 | 3750,00 | 3750.00
3455 | 1250,00 | 1250.00
3456 | 10000,00 | 10000.00
3457 | 5865,86 | 5865.86
3458 | 27500,00 | 27500.00
3459 | 2000,00 | 2000.00
3460 | 11375,00 | 11375.00
3461 | 6043,72 | 6043.72
3462 | 12806,91 | 12806.91
3463 | 16998,60 | 16998.60
3464 | 16998,60 | 16998.60
3465 | 16998,60 | 16998.60
3466 | 16998,60 | 16998.60
3467 | 5666,20 | 5666.20
3468 | 5666,20 | 5666.20
3469 | 5666,20 | 5666.20
3470 | 5666,20 | 5666.20
3471 | 15535,02 | 15535.02
3472 | 15535,02 | 15535.02
3473 | 15535,02 | 15535.02
3474 | 15535,02 | 15535.02
3475 | 10387,95 | 10387.95
3476 | 10387,95 | 10387.95
3477 | 10387,95 | 10387.95
3478 | 10387,95 | 10387.95
3479 | 16998,60 | 16998.60
3480 | 16998,60 | 16998.60
3481 | 16998,60 | 16998.60
3482 | 16998,60 | 16998.60
3483 | 16998,60 | 16998.60
3484 | 16998,60 | 16998.60
3485 | 16998,60 | 16998.60
3486 | 16998,60 | 16998.60
3487 | 254964,24 | 254964.24
3488 | 16998,60 | 16998.60
3489 | 16998,60 | 16998.60
3490 | 16998,60 | 16998.60
3491 | 16998,60 | 16998.60
3492 | 32200,00 | 32200.00
3493 | 0,00 | 0.00
3494 | 5100,00 | 5100.00
3495 | 1955,00 | 1955.00
3496 | 2102,50 | 2102.50
3497 | 6505,00 | 6505.00
3498 | 16910,00 | 16910.00
3499 | 8166,25 | 8166.25
3500 | 10000,00 | 10000.00
3501 | 0,00 | 0.00
3502 | 1250,00 | 1250.00
3503 | 0,00 | 0.00
3504 | 0,00 | 0.00
3505 | 16437,30 | 16437.30
3506 | 27500,00 | 27500.00
3507 | 2000,00 | 2000.00
3508 | 0,00 | 0.00
3509 | 0,00 | 0.00
3510 | 300,00 | 300.00
3511 | 700,00 | 700.00
3512 | 0,00 | 0.00
3513 | 36000,00 | 36000.00
3514 | 0,00 | 0.00
3515 | 25625,00 | 25625.00
3516 | 12500,00 | 12500.00
3517 | 41050,21 | 41050.21
3518 | 33995,40 | 33995.40
3519 | 5666,20 | 5666.20
3520 | 5666,20 | 5666.20
3521 | 5666,20 | 5666.20
3522 | 5666,20 | 5666.20
3523 | 39663,40 | 39663.40
3524 | 118990,20 | 118990.20
3525 | 39663,40 | 39663.40
3526 | 5666,20 | 5666.20
3527 | 5666,20 | 5666.20
3528 | 5666,20 | 5666.20
3529 | 5666,20 | 5666.20
3530 | 21125,00 | 21125.00
3531 | 13750,00 | 13750.00
3532 | 750,00 | 750.00
3533 | 30000,00 | 30000.00
3534 | 33600,00 | 33600.00
3535 | 34375,00 | 34375.00
3536 | 26720,00 | 26720.00
3537 | 16998,60 | 16998.60
3538 | 16998,60 | 16998.60
3539 | 16998,60 | 16998.60
3540 | 16998,60 | 16998.60
3541 | 37500,00 | 37500.00
3542 | 37500,00 | 37500.00
3543 | 100000,00 | 100000.00
3544 | 100000,00 | 100000.00
3545 | 15480,43 | 15480.43
3546 | 15364,60 | 15364.60
3547 | 58469,82 | 58469.82
3548 | 17862,97 | 17862.97
3549 | 2652,11 | 2652.11
3550 | 2020,00 | 2020.00
3551 | 20100,00 | 20100.00
3552 | 7705,00 | 7705.00
3553 | 5466,50 | 5466.50
3554 | 19515,00 | 19515.00
3555 | 50730,00 | 50730.00
3556 | 24498,75 | 24498.75
3557 | 12500,00 | 12500.00
3558 | 39250,00 | 39250.00
3559 | 30000,00 | 30000.00
3560 | 60375,00 | 60375.00
3561 | 1250,00 | 1250.00
3562 | 38550,00 | 38550.00
3563 | 34375,00 | 34375.00
3564 | 88292,27 | 88292.27
3565 | 51606,25 | 51606.25
3566 | 562,50 | 562.50
3567 | 1312,50 | 1312.50
3568 | 19937,96 | 19937.96
3569 | 2656,50 | 2656.50
3570 | 710,55 | 710.55
3571 | 15687,75 | 15687.75
3572 | 100000,00 | 100000.00
3573 | 100000,00 | 100000.00
3574 | 23948,75 | 23948.75
3575 | 33820,00 | 33820.00
3576 | 16332,50 | 16332.50
3577 | 8750,00 | 8750.00
3578 | 10000,00 | 10000.00
3579 | 354825,00 | 354825.00
3580 | 27500,00 | 27500.00
3581 | 1000,00 | 1000.00
3582 | 223,13 | 223.13
3583 | 520,63 | 520.63
3584 | 11290,13 | 11290.13
3585 | 3750,00 | 3750.00
3586 | 1437,50 | 1437.50
3587 | 2102,50 | 2102.50
3588 | 13010,00 | 13010.00
3589 | 426250,00 | 426250.00
3590 | 2500,00 | 2500.00
3591 | 187452,02 | 187452.02
3592 | 50312,50 | 50312.50
3593 | 16910,00 | 16910.00
3594 | 8166,25 | 8166.25
3595 | 1000,00 | 1000.00
3596 | 30000,00 | 30000.00
3597 | 21000,00 | 21000.00
3598 | 34375,00 | 34375.00
3599 | 2000,00 | 2000.00
3600 | 468,75 | 468.75
3601 | 1093,75 | 1093.75
3602 | 21821,25 | 21821.25
3603 | 7950,00 | 7950.00
3604 | 3047,50 | 3047.50
3605 | 2102,50 | 2102.50
3606 | 6505,00 | 6505.00
3607 | 15000,00 | 15000.00
3608 | 5000,00 | 5000.00
3609 | 45350,50 | 45350.50
3610 | 12000,00 | 12000.00
3611 | 12500,00 | 12500.00
3612 | 2000,00 | 2000.00
3613 | 180000,00 | 180000.00
3614 | 65000,00 | 65000.00
3615 | 750,00 | 750.00
3616 | 74439,84 | 74439.84
3617 | 97108,85 | 97108.85
3618 | 88759,73 | 88759.73
3619 | -4400,00 | -4400.00
3620 | 4000,00 | 4000.00
3621 | 611944,68 | 611944.68
3622 | 211199,10 | 211199.10
3623 | 217875,00 | 217875.00
3624 | 136500,00 | 136500.00
3625 | 224359,57 | 224359.57
3626 | 2500,00 | 2500.00
3627 | 127246,00 | 127246.00
3628 | 0,00 | 0.00
3629 | 25000,00 | 25000.00
3630 | 30000,00 | 30000.00
3631 | 244253,26 | 244253.26
3632 | 30000,00 | 30000.00
3633 | 2400,00 | 2400.00
3634 | 108000,00 | 108000.00
3635 | 20000,00 | 20000.00
3636 | 203981,52 | 203981.52
3637 | 180000,00 | 180000.00
3638 | 216000,00 | 216000.00
3639 | 611944,68 | 611944.68
3640 | 203981,52 | 203981.52
3641 | 20000,00 | 20000.00
3642 | 38400,00 | 38400.00
3643 | 1200000,00 | 1200000.00
3644 | 411600,00 | 411600.00
3645 | 1094400,00 | 1094400.00
3646 | 114000,00 | 114000.00
3647 | 43843,70 | 43843.70
3648 | 219218,52 | 219218.52
3649 | 50995,35 | 50995.35
3650 | 900000,00 | 900000.00
3651 | 140000,00 | 140000.00
3652 | 600000,00 | 600000.00
3653 | 291600,00 | 291600.00
3654 | 2825788,75 | 2825788.75
3655 | 622143,76 | 622143.76
3656 | 1200000,00 | 1200000.00
3657 | 565157,75 | 565157.75
3658 | 62000,00 | 62000.00
3659 | 50000,00 | 50000.00
3660 | 3500,00 | 3500.00
3661 | 140943,70 | 140943.70
3662 | 219218,52 | 219218.52
3663 | 305000,00 | 305000.00
3664 | 15000,00 | 15000.00
3665 | 50000,00 | 50000.00
3666 | 144150,00 | 144150.00
3667 | 116250,00 | 116250.00
3668 | 3500,00 | 3500.00
3669 | 109623,70 | 109623.70
3670 | 219218,52 | 219218.52
3671 | 0,00 | 0.00
3672 | 15000,00 | 15000.00
3673 | 50000,00 | 50000.00
3674 | 4400,00 | 4400.00
3675 | 67993,80 | 67993.80
3676 | 2487906,00 | 2487906.00
3677 | 567330,00 | 567330.00
3678 | 69750,00 | 69750.00
3679 | 56250,00 | 56250.00
3680 | 3500,00 | 3500.00
3681 | 82743,70 | 82743.70
3682 | 219218,52 | 219218.52
3683 | 0,00 | 0.00
3684 | 15000,00 | 15000.00
3685 | 50000,00 | 50000.00
3686 | 62000,00 | 62000.00
3687 | 50000,00 | 50000.00
3688 | 3500,00 | 3500.00
3689 | 79943,70 | 79943.70
3690 | 219218,52 | 219218.52
3691 | 0,00 | 0.00
3692 | 15000,00 | 15000.00
3693 | 50000,00 | 50000.00
3694 | 15043,75 | 15043.75
3695 | 9425,00 | 9425.00
3696 | 5000,00 | 5000.00
3697 | 37893,76 | 37893.76
3698 | 120000,00 | 120000.00
3699 | 25000,00 | 25000.00
3700 | 15000,00 | 15000.00
3701 | 4400,00 | 4400.00
3702 | 30000,00 | 30000.00
3703 | 108000,00 | 108000.00
3704 | 480000,00 | 480000.00
3705 | 203981,52 | 203981.52
3706 | 10800000,00 | 10800000.00
3707 | 900000,00 | 900000.00
3708 | 900000,00 | 900000.00
3709 | 810000,00 | 810000.00
3710 | 300000,00 | 300000.00
3711 | 80400,00 | 80400.00
3712 | 810000,00 | 810000.00
3713 | 152986,17 | 152986.17
3714 | 152986,17 | 152986.17
3715 | 50995,38 | 50995.38
3716 | 305972,34 | 305972.34
3717 | 600000,00 | 600000.00
3718 | 203981,56 | 203981.56
3719 | 407963,12 | 407963.12
3720 | 1109233,61 | 1109233.61
3721 | 611944,68 | 611944.68
3722 | 9000000,00 | 9000000.00
3723 | 800000,00 | 800000.00
3724 | 5400000,00 | 5400000.00
3725 | 24000,00 | 24000.00
3726 | 9000000,00 | 9000000.00
3727 | 540000,00 | 540000.00
3728 | 540000,00 | 540000.00
3729 | 203981,56 | 203981.56
3730 | 137200,00 | 137200.00
3731 | 203981,56 | 203981.56
3732 | 184858,26 | 184858.26
3733 | 203981,52 | 203981.52
3734 | 16998,45 | 16998.45
3735 | 300000,00 | 300000.00
3736 | 300000,00 | 300000.00
3737 | 152986,17 | 152986.17
3738 | 300000,00 | 300000.00
3739 | 139800,00 | 139800.00
3740 | 50995,38 | 50995.38
3741 | 1121898,48 | 1121898.48
3742 | 1350000,00 | 1350000.00
3743 | 12000,00 | 12000.00
3744 | 4000,00 | 4000.00
3745 | 40000,00 | 40000.00
3746 | 7900,00 | 7900.00
3747 | 20000,00 | 20000.00
3748 | 67993,80 | 67993.80
3749 | 960000,00 | 960000.00
3750 | 305972,16 | 305972.16
3751 | 960000,00 | 960000.00
3752 | 28159,90 | 28159.90
3753 | 150000,00 | 150000.00
3754 | 5631,98 | 5631.98
3755 | 67993,80 | 67993.80
3756 | 504000,00 | 504000.00
3757 | 1200000,00 | 1200000.00
3758 | 203981,52 | 203981.52
3759 | 540000,00 | 540000.00
3760 | 1121898,48 | 1121898.48
3761 | 1200000,00 | 1200000.00
3762 | 101990,76 | 101990.76
3763 | 600000,00 | 600000.00
3764 | 611944,32 | 611944.32
3765 | 33791,88 | 33791.88
3766 | 150000,00 | 150000.00
3767 | 64974,97 | 64974.97
3768 | 1920000,00 | 1920000.00
3769 | 291083,00 | 291083.00
3770 | 203981,56 | 203981.56
3771 | 1200000,00 | 1200000.00
3772 | 525600,00 | 525600.00
3773 | 611944,68 | 611944.68
3774 | 203981,52 | 203981.52
3775 | 67993,80 | 67993.80
3776 | 50995,19 | 50995.19
3777 | 99999,60 | 99999.60
3778 | 50995,19 | 50995.19
3779 | 99999,60 | 99999.60
3780 | 50995,19 | 50995.19
3781 | 99999,60 | 99999.60
3782 | 50995,19 | 50995.19
3783 | 99999,60 | 99999.60
3784 | 72000,00 | 72000.00
3785 | 72000,00 | 72000.00
3786 | 5666,20 | 5666.20
3787 | 5666,20 | 5666.20
3788 | 5666,20 | 5666.20
3789 | 5666,20 | 5666.20
3790 | 720000,00 | 720000.00
3791 | 504191,60 | 504191.60
3792 | 611944,68 | 611944.68
3793 | 7075,00 | 7075.00
3794 | 7075,00 | 7075.00
3795 | 3883,32 | 3883.32
3796 | 8333,30 | 8333.30
3797 | 3883,32 | 3883.32
3798 | 8333,30 | 8333.30
3799 | 3883,32 | 3883.32
3800 | 8333,30 | 8333.30
3801 | 3883,32 | 3883.32
3802 | 8333,30 | 8333.30
3803 | 1416,53 | 1416.53
3804 | 1416,53 | 1416.53
3805 | 1416,53 | 1416.53
3806 | 1416,53 | 1416.53
3807 | 3749,99 | 3749.99
3808 | 3749,99 | 3749.99
3809 | 3749,99 | 3749.99
3810 | 3749,99 | 3749.99
3811 | 273600,00 | 273600.00
3812 | 273600,00 | 273600.00
3813 | 4249,60 | 4249.60
3814 | 4249,60 | 4249.60
3815 | 4249,60 | 4249.60
3816 | 4249,60 | 4249.60
3817 | 48000,00 | 48000.00
3818 | 1000,00 | 1000.00
3819 | 1000,00 | 1000.00
3820 | 1000,00 | 1000.00
3821 | 1000,00 | 1000.00
3822 | 611944,68 | 611944.68
3823 | 309600,00 | 309600.00
3824 | 679200,00 | 679200.00
3825 | 300000,00 | 300000.00
3826 | 300000,00 | 300000.00
3827 | 339600,00 | 339600.00
3828 | 739433,04 | 739433.04
3829 | 113200,00 | 113200.00
3830 | 137200,00 | 137200.00
3831 | 203981,56 | 203981.56
3832 | 203981,56 | 203981.56
3833 | 152986,17 | 152986.17
3834 | 50995,38 | 50995.38
3835 | 152986,17 | 152986.17
3836 | 101990,76 | 101990.76
3837 | 600000,00 | 600000.00
3838 | 67993,80 | 67993.80
3839 | 810000,00 | 810000.00
3840 | 300000,00 | 300000.00
3841 | 80400,00 | 80400.00
3842 | 810000,00 | 810000.00
3843 | 203981,52 | 203981.52
3844 | 42000,00 | 42000.00
3845 | 432000,00 | 432000.00
3846 | 25000,00 | 25000.00
3847 | 28159,90 | 28159.90
3848 | 5631,98 | 5631.98
3849 | 611944,68 | 611944.68
3850 | 611944,68 | 611944.68
3851 | 168000,00 | 168000.00
3852 | 10800000,00 | 10800000.00
3853 | 168000,00 | 168000.00
3854 | 5030006,76 | 5030006.76
3855 | 611944,68 | 611944.68
3856 | 611944,68 | 611944.68
3857 | 203981,52 | 203981.52
3858 | 1200000,00 | 1200000.00
3859 | 1200000,00 | 1200000.00
3860 | 611944,68 | 611944.68
3861 | 305972,34 | 305972.34
3862 | 203981,52 | 203981.52
3863 | 203981,52 | 203981.52
3864 | 67993,80 | 67993.80
3865 | 411600,00 | 411600.00
3866 | 67993,80 | 67993.80
3867 | 611944,68 | 611944.68
3868 | 611944,68 | 611944.68
3869 | 101990,76 | 101990.76
3870 | 203981,52 | 203981.52
3871 | 101990,76 | 101990.76
3872 | 203981,52 | 203981.52
3873 | 67993,80 | 67993.80
3874 | 480000,00 | 480000.00
3875 | 67993,80 | 67993.80
3876 | 50995,39 | 50995.39
3877 | 124655,40 | 124655.40
3878 | 1200000,00 | 1200000.00
3879 | 4800,00 | 4800.00
3880 | 216000,00 | 216000.00
3881 | 360000,00 | 360000.00
3882 | 31200000,00 | 31200000.00
3883 | 5038848,00 | 5038848.00
3884 | 1200000,00 | 1200000.00
3885 | 203981,52 | 203981.52
3886 | 72000,00 | 72000.00
3887 | 72000,00 | 72000.00
3888 | 4017438,90 | 4017438.90
3889 | 67993,80 | 67993.80
3890 | 1200000,00 | 1200000.00
3891 | 361843,00 | 361843.00
3892 | 305972,34 | 305972.34
3893 | 960000,00 | 960000.00
3894 | 28159,90 | 28159.90
3895 | 150000,00 | 150000.00
3896 | 26423,66 | 26423.66
3897 | 103958,40 | 103958.40
3898 | 305972,34 | 305972.34
3899 | 184858,26 | 184858.26
3900 | 16998,45 | 16998.45
3901 | 960000,00 | 960000.00
3902 | 600000,00 | 600000.00
3903 | 300000,00 | 300000.00
3904 | 152986,17 | 152986.17
3905 | 300000,00 | 300000.00
3906 | 139800,00 | 139800.00
3907 | 20000,00 | 20000.00
3908 | 288000,00 | 288000.00
3909 | 24000,00 | 24000.00
3910 | 611944,68 | 611944.68
3911 | 50995,38 | 50995.38
3912 | 24000,00 | 24000.00
3913 | 67993,80 | 67993.80
3914 | 67993,80 | 67993.80
3915 | 1920000,00 | 1920000.00
3916 | 33791,88 | 33791.88
3917 | 25000,00 | 25000.00
3918 | 6758,37 | 6758.37
3919 | 611944,68 | 611944.68
3920 | 62000,00 | 62000.00
3921 | 50000,00 | 50000.00
3922 | 3500,00 | 3500.00
3923 | 79943,70 | 79943.70
3924 | 219218,52 | 219218.52
3925 | 15000,00 | 15000.00
3926 | 50000,00 | 50000.00
3927 | 145768,80 | 145768.80
3928 | 32162,50 | 32162.50
3929 | 20150,00 | 20150.00
3930 | 33119,61 | 33119.61
3931 | 2500,00 | 2500.00
3932 | 88586,44 | 88586.44
3933 | 300000,00 | 300000.00
3934 | 25000,00 | 25000.00
3935 | 30000,00 | 30000.00
3936 | 1200000,00 | 1200000.00
3937 | 203981,52 | 203981.52
3938 | 48450,00 | 48450.00
3939 | 67993,80 | 67993.80
3940 | 203981,52 | 203981.52
3941 | 203981,52 | 203981.52
3942 | 373966,20 | 373966.20
3943 | 263062,24 | 263062.24
3944 | 203981,52 | 203981.52
3945 | 180000,00 | 180000.00
3946 | 150000,00 | 150000.00
3947 | 200000,00 | 200000.00
3948 | 60000,00 | 60000.00
3949 | 67993,80 | 67993.80
3950 | 540000,00 | 540000.00
3951 | 84031,94 | 84031.94
3952 | 120000,00 | 120000.00
3953 | 33791,88 | 33791.88
3954 | 30000,00 | 30000.00
3955 | 150000,00 | 150000.00
3956 | 1835834,04 | 1835834.04
3957 | 1121898,48 | 1121898.48
3958 | 200000,00 | 200000.00
3959 | 203981,52 | 203981.52
3960 | 33791,88 | 33791.88
3961 | 33791,88 | 33791.88
3962 | 186983,10 | 186983.10
3963 | 1350000,00 | 1350000.00
3964 | 300000,00 | 300000.00
3965 | 203981,52 | 203981.52
3966 | 135926,51 | 135926.51
3967 | 10062,50 | 10062.50
3968 | 15000,00 | 15000.00
3969 | 25000,00 | 25000.00
3970 | 487500,00 | 487500.00
3971 | 25000,00 | 25000.00
3972 | 15000,00 | 15000.00
3973 | 7500,00 | 7500.00
3974 | 480000,00 | 480000.00
3975 | 55000,00 | 55000.00
3976 | 1627,50 | 1627.50
3977 | 6000,00 | 6000.00
3978 | 23662,50 | 23662.50
3979 | 36093,20 | 36093.20
3980 | 93,75 | 93.75
3981 | 218,75 | 218.75
3982 | 4927,50 | 4927.50
3983 | 1500,00 | 1500.00
3984 | 575,00 | 575.00
3985 | 15015,00 | 15015.00
3986 | 31625,00 | 31625.00
3987 | 12500,00 | 12500.00
3988 | 203981,52 | 203981.52
3989 | 203981,52 | 203981.52
3990 | 203981,52 | 203981.52
3991 | 203981,52 | 203981.52
3992 | 203981,52 | 203981.52
3993 | 611944,68 | 611944.68
3994 | 17326,40 | 17326.40
3995 | 245836,20 | 245836.20
3996 | 284984,08 | 284984.08
3997 | 427630,00 | 427630.00
3998 | 91280,28 | 91280.28
3999 | 263062,22 | 263062.22
4000 | 474102,00 | 474102.00
4001 | 263062,22 | 263062.22
4002 | 45640,14 | 45640.14
4003 | 263062,22 | 263062.22
4004 | 124655,40 | 124655.40
4005 | 540000,00 | 540000.00
4006 | 150000,00 | 150000.00
4007 | 45640,14 | 45640.14
4008 | 373966,20 | 373966.20
4009 | 540000,00 | 540000.00
4010 | 150000,00 | 150000.00
4011 | 45640,14 | 45640.14
4012 | -3135571,80 | -3135571.80
4013 | 3135571,80 | 3135571.80
4014 | 203981,40 | 203981.40
4015 | 864000,00 | 864000.00
4016 | -746266,09 | -746266.09
4017 | 746266,09 | 746266.09
4018 | 761475,00 | 761475.00
4019 | 61687,50 | 61687.50
4020 | 1530660,06 | 1530660.06
4021 | 755166,39 | 755166.39
4022 | 10404594,17 | 10404594.17
4023 | 1478866,08 | 1478866.08
4024 | 203981,52 | 203981.52
4025 | 291083,00 | 291083.00
4026 | 100000,00 | 100000.00
4027 | 203981,52 | 203981.52
4028 | 540000,00 | 540000.00
4029 | 291083,00 | 291083.00
4030 | 100000,00 | 100000.00
4031 | 67993,80 | 67993.80
4032 | 540000,00 | 540000.00
4033 | 67993,80 | 67993.80
4034 | 203981,52 | 203981.52
4035 | 203981,52 | 203981.52
4036 | 67993,80 | 67993.80
4037 | 67993,80 | 67993.80
4038 | 203981,52 | 203981.52
4039 | 203981,52 | 203981.52
4040 | 20120,60 | 20120.60
4041 | 3750,00 | 3750.00
4042 | 75692,00 | 75692.00
4043 | 33995,60 | 33995.60
4044 | 9270,00 | 9270.00
4045 | 150000,00 | 150000.00
4046 | 330000,00 | 330000.00
4047 | 59300,00 | 59300.00
4048 | 55121,40 | 55121.40
4049 | 72000,00 | 72000.00
4050 | 9112,80 | 9112.80
4051 | 83779,10 | 83779.10
4052 | 7036,30 | 7036.30
4053 | 364,00 | 364.00
4054 | 60000,00 | 60000.00
4055 | 203981,52 | 203981.52
4056 | 540000,00 | 540000.00
4057 | 291083,00 | 291083.00
4058 | 100000,00 | 100000.00
4059 | 203981,52 | 203981.52
4060 | 540000,00 | 540000.00
4061 | 611944,68 | 611944.68
4062 | 611944,68 | 611944.68
4063 | 67993,80 | 67993.80
4064 | 203981,52 | 203981.52
4065 | 611944,68 | 611944.68
4066 | 611944,68 | 611944.68
4067 | 135987,68 | 135987.68
4068 | 150000,00 | 150000.00
4069 | 1200000,00 | 1200000.00
4070 | 29000,00 | 29000.00
4071 | 10375,00 | 10375.00
4072 | 10000,00 | 10000.00
4073 | 8750,82 | 8750.82
4074 | 24000,00 | 24000.00
4075 | 60000,00 | 60000.00
4076 | 219218,52 | 219218.52
4077 | 291083,00 | 291083.00
4078 | 100000,00 | 100000.00
4079 | 43843,70 | 43843.70
4080 | 150000,00 | 150000.00
4081 | 203981,52 | 203981.52
4082 | 540000,00 | 540000.00
4083 | 332194,17 | 332194.17
4084 | 291083,00 | 291083.00
4085 | 100000,00 | 100000.00
4086 | 203981,52 | 203981.52
4087 | 540000,00 | 540000.00
4088 | 31163,73 | 31163.73
4089 | 44999,82 | 44999.82
4090 | 31163,73 | 31163.73
4091 | 44999,82 | 44999.82
4092 | 31163,73 | 31163.73
4093 | 44999,82 | 44999.82
4094 | 31163,73 | 31163.73
4095 | 44999,82 | 44999.82
4096 | 291083,00 | 291083.00
4097 | 100000,00 | 100000.00
4098 | 203981,52 | 203981.52
4099 | 540000,00 | 540000.00
4100 | 291083,00 | 291083.00
4101 | 100000,00 | 100000.00
4102 | 67993,80 | 67993.80
4103 | 540000,00 | 540000.00
4104 | -540000,00 | -540000.00
4105 | -1200000,00 | -1200000.00
4106 | 54784,54 | 54784.54
4107 | 6701100,00 | 6701100.00
4108 | 263062,22 | 263062.22
4109 | 150000,00 | 150000.00
4110 | 263062,22 | 263062.22
4111 | 150000,00 | 150000.00
4112 | 263062,22 | 263062.22
4113 | 96000,00 | 96000.00
4114 | 144000,00 | 144000.00
4115 | 96000,00 | 96000.00
4116 | 96000,00 | 96000.00
4117 | 96000,00 | 96000.00
4118 | 144000,00 | 144000.00
4119 | -362541,69 | -362541.69
4120 | 1121898,48 | 1121898.48
4121 | 1121898,48 | 1121898.48
4122 | 1121898,48 | 1121898.48
4123 | 1092037,50 | 1092037.50
4124 | 120000,00 | 120000.00
4125 | 120000,00 | 120000.00
4126 | 120000,00 | 120000.00
4127 | 540000,00 | 540000.00
4128 | 1200000,00 | 1200000.00
4129 | 7800000,00 | 7800000.00
4130 | 0,00 | 0.00
4131 | 0,00 | 0.00
4132 | 0,00 | 0.00
4133 | 0,00 | 0.00
4134 | -679302,69 | -679302.69
4135 | 432000,00 | 432000.00
4136 | 432000,00 | 432000.00
4137 | 432000,00 | 432000.00
4138 | -823304,99 | -823304.99
4139 | 432000,00 | 432000.00
4140 | -293826,96 | -293826.96
4141 | 1152000,00 | 1152000.00
4142 | 160000,00 | 160000.00
4143 | 160000,00 | 160000.00
4144 | 160000,00 | 160000.00
4145 | 160000,00 | 160000.00
4146 | 100000,80 | 100000.80
4147 | 100000,80 | 100000.80
4148 | 100000,80 | 100000.80
4149 | 100000,80 | 100000.80
4150 | 8900,00 | 8900.00
4151 | 32400,00 | 32400.00
4152 | 315000,00 | 315000.00
4153 | 700000,00 | 700000.00
4154 | 540000,00 | 540000.00
4155 | 1200000,00 | 1200000.00
4156 | 611944,56 | 611944.56
4157 | 240513,40 | 240513.40
4158 | 150000,00 | 150000.00
4159 | 313200,00 | 313200.00
4160 | 120000,00 | 120000.00
4161 | 139327,40 | 139327.40
4162 | 371161,82 | 371161.82
4163 | 888482,04 | 888482.04
4164 | 498376,80 | 498376.80
4165 | 33791,88 | 33791.88
4166 | 312857,52 | 312857.52
4167 | 148878,94 | 148878.94
4168 | 9999,96 | 9999.96
4169 | 9999,96 | 9999.96
4170 | 9999,96 | 9999.96
4171 | 9999,96 | 9999.96
4172 | 11366,67 | 11366.67
4173 | 11366,67 | 11366.67
4174 | 11366,67 | 11366.67
4175 | 11366,67 | 11366.67
4176 | 720000,07 | 720000.07
4177 | 504191,57 | 504191.57
4178 | 33791,88 | 33791.88
4179 | 733972,80 | 733972.80
4180 | 163060,94 | 163060.94
4181 | 10000,00 | 10000.00
4182 | 10000,00 | 10000.00
4183 | 10000,00 | 10000.00
4184 | 104000,00 | 104000.00
4185 | 32000,00 | 32000.00
4186 | 32000,00 | 32000.00
4187 | 32000,00 | 32000.00
4188 | 92000,00 | 92000.00
4189 | 92000,00 | 92000.00
4190 | 30000,00 | 30000.00
4191 | 33791,88 | 33791.88
4192 | 254026,94 | 254026.94
4193 | 1920000,00 | 1920000.00
4194 | 33791,88 | 33791.88
4195 | 580464,94 | 580464.94
4196 | 33791,88 | 33791.88
4197 | 486668,94 | 486668.94
4198 | 33791,88 | 33791.88
4199 | 334082,34 | 334082.34
4200 | 454192,94 | 454192.94
4201 | 600000,07 | 600000.07
4202 | 420159,63 | 420159.63
4203 | 600000,07 | 600000.07
4204 | 420159,63 | 420159.63
4205 | 33791,88 | 33791.88
4206 | 195364,80 | 195364.80
4207 | 138882,94 | 138882.94
4208 | 33791,88 | 33791.88
4209 | 485579,25 | 485579.25
4210 | 188126,94 | 188126.94
4211 | 22124,90 | 22124.90
4212 | 35353,00 | 35353.00
4213 | 14262,70 | 14262.70
4214 | 192000,00 | 192000.00
4215 | 19856,00 | 19856.00
4216 | 240513,39 | 240513.39
4217 | 33791,88 | 33791.88
4218 | 358365,00 | 358365.00
4219 | 174802,94 | 174802.94
4220 | 33791,88 | 33791.88
4221 | 237201,74 | 237201.74
4222 | 8333,30 | 8333.30
4223 | 5400000,00 | 5400000.00
4224 | 9000000,00 | 9000000.00
4225 | 611944,68 | 611944.68
4226 | 192000,00 | 192000.00
4227 | 611944,68 | 611944.68
4228 | 48000000,00 | 48000000.00
4229 | 360000,00 | 360000.00
4230 | 7343336,16 | 7343336.16
4231 | 31200000,00 | 31200000.00
4232 | 611944,68 | 611944.68
4233 | 360000,00 | 360000.00
4234 | 3199,99 | 3199.99
4235 | 366,67 | 366.67
4236 | 203981,52 | 203981.52
4237 | 1200000,00 | 1200000.00
4238 | 1344000,00 | 1344000.00
4239 | 566561,16 | 566561.16
4240 | 33791,88 | 33791.88
4241 | 40359,96 | 40359.96
4242 | 188126,94 | 188126.94
4243 | 33791,88 | 33791.88
4244 | 72669,66 | 72669.66
4245 | 141463,74 | 141463.74
4246 | 432000,00 | 432000.00
4247 | 611944,68 | 611944.68
4248 | -263062,22 | -263062.22
4249 | -960000,00 | -960000.00
4250 | -3240000,00 | -3240000.00
4251 | -150000,00 | -150000.00
4252 | 96280,00 | 96280.00
4253 | 65250,00 | 65250.00
4254 | 1566,00 | 1566.00
4255 | 3987,50 | 3987.50
4256 | 27102,80 | 27102.80
4257 | 58000,00 | 58000.00
4258 | 2517,20 | 2517.20
4259 | 590,14 | 590.14
4260 | 4350,00 | 4350.00
4261 | 17400,00 | 17400.00
4262 | 113100,00 | 113100.00
4263 | 5800,00 | 5800.00
4264 | 88012,50 | 88012.50
4265 | 44118,82 | 44118.82
4266 | 33791,88 | 33791.88
4267 | 1121898,48 | 1121898.48
4268 | 540000,00 | 540000.00
4269 | 14900,00 | 14900.00
4270 | 30000,00 | 30000.00
4271 | 5666,20 | 5666.20
4272 | 5666,20 | 5666.20
4273 | 5666,20 | 5666.20
4274 | 5666,20 | 5666.20
4275 | 45000,00 | 45000.00
4276 | 45000,00 | 45000.00
4277 | 45000,00 | 45000.00
4278 | 45000,00 | 45000.00
4279 | 5666,20 | 5666.20
4280 | 5666,20 | 5666.20
4281 | 5666,20 | 5666.20
4282 | 5666,20 | 5666.20
4283 | 45000,00 | 45000.00
4284 | 45000,00 | 45000.00
4285 | 45000,00 | 45000.00
4286 | 45000,00 | 45000.00
4287 | 67993,80 | 67993.80
4288 | 67993,80 | 67993.80
4289 | 67993,80 | 67993.80
4290 | -1000,00 | -1000.00
4291 | -1000,04 | -1000.04
4292 | -5666,20 | -5666.20
4293 | -5666,20 | -5666.20
4294 | -5666,20 | -5666.20
4295 | -5666,20 | -5666.20
4296 | -16998,60 | -16998.60
4297 | -16998,60 | -16998.60
4298 | -16998,60 | -16998.60
4299 | -16998,60 | -16998.60
4300 | 180525,00 | 180525.00
4301 | 65250,00 | 65250.00
4302 | 1566,00 | 1566.00
4303 | 3987,50 | 3987.50
4304 | 27102,80 | 27102.80
4305 | 58000,00 | 58000.00
4306 | 5800,00 | 5800.00
4307 | 2517,20 | 2517.20
4308 | 590,15 | 590.15
4309 | 7250,00 | 7250.00
4310 | 11600,00 | 11600.00
4311 | 214600,00 | 214600.00
4312 | 124581,49 | 124581.49
4313 | 44118,82 | 44118.82
4314 | 67993,80 | 67993.80
4315 | 67993,80 | 67993.80
4316 | 24000,00 | 24000.00
4317 | 8900,00 | 8900.00
4318 | 1000,00 | 1000.00
4319 | 1000,00 | 1000.00
4320 | 67993,80 | 67993.80
4321 | 67993,80 | 67993.80
4322 | 67993,80 | 67993.80
4323 | 67993,80 | 67993.80
4324 | 67993,80 | 67993.80
4325 | 1529750,00 | 1529750.00
4326 | 1131,00 | 1131.00
4327 | 232000,00 | 232000.00
4328 | 29000,00 | 29000.00
4329 | 3552,50 | 3552.50
4330 | 1522,50 | 1522.50
4331 | 217500,00 | 217500.00
4332 | 29000,00 | 29000.00
4333 | 305950,00 | 305950.00
4334 | 34800,00 | 34800.00
4335 | 535,92 | 535.92
4336 | 163415,00 | 163415.00
4337 | 2517,20 | 2517.20
4338 | 198577,50 | 198577.50
4339 | 58000,00 | 58000.00
4340 | 10150,00 | 10150.00
4341 | 124120,00 | 124120.00
4342 | 79750,00 | 79750.00
4343 | 8700,00 | 8700.00
4344 | 17400,00 | 17400.00
4345 | 4640,00 | 4640.00
4346 | 4640,00 | 4640.00
4347 | 18691,59 | 18691.59
4348 | 812000,00 | 812000.00
4349 | 367140,00 | 367140.00
4350 | 122380,00 | 122380.00
4351 | 106720,00 | 106720.00
4352 | 13340,00 | 13340.00
4353 | 2438,88 | 2438.88
4354 | 36093,34 | 36093.34
4355 | -33791,86 | -33791.86
4356 | -150000,00 | -150000.00
4357 | -864000,00 | -864000.00
4358 | 1500,11 | 1500.11
4359 | 263062,22 | 263062.22
4360 | 960000,00 | 960000.00
4361 | 3240000,00 | 3240000.00
4362 | 150000,00 | 150000.00
4363 | 16998,39 | 16998.39
4364 | 44999,82 | 44999.82
4365 | 16998,39 | 16998.39
4366 | 44999,82 | 44999.82
4367 | 16998,39 | 16998.39
4368 | 44999,82 | 44999.82
4369 | 18974,77 | 18974.77
4370 | 8452,63 | 8452.63
4371 | 36250,00 | 36250.00
4372 | 11600,00 | 11600.00
4373 | 1450,00 | 1450.00
4374 | 87000,00 | 87000.00
4375 | 522,00 | 522.00
4376 | 2682,50 | 2682.50
4377 | 2600000,00 | 2600000.00
4378 | 2600000,00 | 2600000.00
4379 | 2600000,00 | 2600000.00
4380 | 30000,00 | 30000.00
4381 | 30000,00 | 30000.00
4382 | 30000,00 | 30000.00
4383 | 900000,00 | 900000.00
4384 | 900000,00 | 900000.00
4385 | 158746,00 | 158746.00
4386 | 10005,00 | 10005.00
4387 | 4877,80 | 4877.80
4388 | 30711,00 | 30711.00
4389 | 7545,80 | 7545.80
4390 | 19615,60 | 19615.60
4391 | 30796,55 | 30796.55
4392 | 35414,80 | 35414.80
4393 | 138402,50 | 138402.50
4394 | 58000,00 | 58000.00
4395 | 33791,88 | 33791.88
4396 | 20218,80 | 20218.80
4397 | 11600,00 | 11600.00
4398 | 158050,00 | 158050.00
4399 | 17400,00 | 17400.00
4400 | 7250,00 | 7250.00
4401 | 1258,60 | 1258.60
4402 | 27102,80 | 27102.80
4403 | 1160,00 | 1160.00
4404 | 1631,25 | 1631.25
4405 | 3806,25 | 3806.25
4406 | 9019,29 | 9019.29
4407 | 11005,50 | 11005.50
4408 | 81107,20 | 81107.20
4409 | 133,40 | 133.40
4410 | 175730,01 | 175730.01
4411 | 1500,00 | 1500.00
4412 | 1500,00 | 1500.00
4413 | 1500,00 | 1500.00
4414 | 5666,15 | 5666.15
4415 | 5666,15 | 5666.15
4416 | 5666,15 | 5666.15
4417 | 5666,15 | 5666.15
4418 | 5666,15 | 5666.15
4419 | 5666,15 | 5666.15
4420 | 5666,15 | 5666.15
4421 | 5666,15 | 5666.15
4422 | 45000,00 | 45000.00
4423 | 45000,00 | 45000.00
4424 | 45000,00 | 45000.00
4425 | 45000,00 | 45000.00
4426 | 45000,00 | 45000.00
4427 | 45000,00 | 45000.00
4428 | 5666,15 | 5666.15
4429 | 5666,15 | 5666.15
4430 | 5666,15 | 5666.15
4431 | 5666,15 | 5666.15
4432 | 5666,15 | 5666.15
4433 | 5666,15 | 5666.15
4434 | 5666,15 | 5666.15
4435 | 5666,15 | 5666.15
4436 | 45000,00 | 45000.00
4437 | 45000,00 | 45000.00
4438 | 45000,00 | 45000.00
4439 | 45000,00 | 45000.00
4440 | 45000,00 | 45000.00
4441 | 45000,00 | 45000.00
4442 | 100000,00 | 100000.00
4443 | 16998,60 | 16998.60
4444 | 100000,00 | 100000.00
4445 | 16998,60 | 16998.60
4446 | 100000,00 | 100000.00
4447 | 16998,60 | 16998.60
4448 | 100000,00 | 100000.00
4449 | 16998,60 | 16998.60
4450 | 203981,40 | 203981.40
4451 | 203981,40 | 203981.40
4452 | 0,00 | 0.00
4453 | 5666,20 | 5666.20
4454 | 5666,20 | 5666.20
4455 | 5666,20 | 5666.20
4456 | 5666,20 | 5666.20
4457 | 16998,60 | 16998.60
4458 | 16998,60 | 16998.60
4459 | 16998,60 | 16998.60
4460 | 16998,60 | 16998.60
4461 | 256539,78 | 256539.78
4462 | 17556,26 | 17556.26
4463 | 165000,00 | 165000.00
4464 | 381250,00 | 381250.00
4465 | 180000,00 | 180000.00
4466 | 500,00 | 500.00
4467 | 150000,00 | 150000.00
4468 | 450,00 | 450.00
4469 | 5625,00 | 5625.00
4470 | 1666,66 | 1666.66
4471 | 1666,66 | 1666.66
4472 | 1666,66 | 1666.66
4473 | 1666,66 | 1666.66
4474 | 1666,66 | 1666.66
4475 | 658,33 | 658.33
4476 | 1499,99 | 1499.99
4477 | 1833,33 | 1833.33
4478 | 1666,66 | 1666.66
4479 | 658,33 | 658.33
4480 | 1499,99 | 1499.99
4481 | 1833,33 | 1833.33
4482 | 1666,66 | 1666.66
4483 | 658,33 | 658.33
4484 | 1499,99 | 1499.99
4485 | 1833,33 | 1833.33
4486 | 1666,66 | 1666.66
4487 | 658,33 | 658.33
4488 | 1499,99 | 1499.99
4489 | 1833,33 | 1833.33
4490 | 144000,00 | 144000.00
4491 | 2599989,60 | 2599989.60
4492 | 2600114,40 | 2600114.40
4493 | 29999,88 | 29999.88
4494 | 30001,32 | 30001.32
4495 | 40000,00 | 40000.00
4496 | 16998,46 | 16998.46
4497 | 44999,82 | 44999.82
4498 | 16998,46 | 16998.46
4499 | 44999,82 | 44999.82
4500 | 16998,46 | 16998.46
4501 | 44999,82 | 44999.82
4502 | 16998,46 | 16998.46
4503 | 44999,82 | 44999.82
4504 | 10000,00 | 10000.00
4505 | 7200,00 | 7200.00
4506 | 611944,68 | 611944.68
4507 | 67993,80 | 67993.80
4508 | 67993,80 | 67993.80
4509 | 67993,80 | 67993.80
4510 | 33791,86 | 33791.86
4511 | 150000,00 | 150000.00
4512 | 864000,00 | 864000.00
4513 | 67993,80 | 67993.80
4514 | 67993,80 | 67993.80
4515 | 144000,00 | 144000.00
4516 | 33996,92 | 33996.92
4517 | 79000,00 | 79000.00
4518 | 14900,00 | 14900.00
4519 | 8333,30 | 8333.30
4520 | 147859,00 | 147859.00
4521 | 13750,00 | 13750.00
4522 | 60000,00 | 60000.00
4523 | 300,00 | 300.00
4524 | 16998,60 | 16998.60
4525 | 44999,82 | 44999.82
4526 | 16998,60 | 16998.60
4527 | 44999,82 | 44999.82
4528 | 16998,60 | 16998.60
4529 | 44999,82 | 44999.82
4530 | 16998,60 | 16998.60
4531 | 44999,82 | 44999.82
4532 | 70035,00 | 70035.00
4533 | 1171,60 | 1171.60
4534 | 49091,20 | 49091.20
4535 | 6003,00 | 6003.00
4536 | 4877,80 | 4877.80
4537 | 12284,40 | 12284.40
4538 | 7545,80 | 7545.80
4539 | 19615,60 | 19615.60
4540 | 30796,55 | 30796.55
4541 | 43326,00 | 43326.00
4542 | 2831,68 | 2831.68
4543 | 389,76 | 389.76
4544 | 44660,00 | 44660.00
4545 | 5263,50 | 5263.50
4546 | 1635,60 | 1635.60
4547 | 1834,25 | 1834.25
4548 | 1982,15 | 1982.15
4549 | 1258,60 | 1258.60
4550 | 2320,00 | 2320.00
4551 | 978,75 | 978.75
4552 | 2283,75 | 2283.75
4553 | 25769,40 | 25769.40
4554 | 27513,75 | 27513.75
4555 | 45727,20 | 45727.20
4556 | 1786,40 | 1786.40
4557 | 133,40 | 133.40
4558 | 94064,40 | 94064.40
4559 | 61619,17 | 61619.17
4560 | 61619,17 | 61619.17
4561 | 61619,17 | 61619.17
4562 | 61619,17 | 61619.17
4563 | 0,00 | 0.00
4564 | 16998,46 | 16998.46
4565 | 45000,00 | 45000.00
4566 | 16998,46 | 16998.46
4567 | 45000,00 | 45000.00
4568 | 16998,46 | 16998.46
4569 | 45000,00 | 45000.00
4570 | 16998,46 | 16998.46
4571 | 45000,00 | 45000.00
4572 | 16998,46 | 16998.46
4573 | 16998,46 | 16998.46
4574 | 16998,46 | 16998.46
4575 | 16998,46 | 16998.46
4576 | 45000,00 | 45000.00
4577 | 45000,00 | 45000.00
4578 | 45000,00 | 45000.00
4579 | 45000,00 | 45000.00
4580 | 300,00 | 300.00
4581 | 300,00 | 300.00
4582 | 300,00 | 300.00
4583 | 79999,68 | 79999.68
4584 | 79999,68 | 79999.68
4585 | 79999,68 | 79999.68
4586 | 79999,68 | 79999.68
4587 | 60000,00 | 60000.00
4588 | 60000,00 | 60000.00
4589 | 60000,00 | 60000.00
4590 | 60000,00 | 60000.00
4591 | 42015,97 | 42015.97
4592 | 42015,97 | 42015.97
4593 | 42015,97 | 42015.97
4594 | 42015,97 | 42015.97
4595 | 5666,20 | 5666.20
4596 | 5666,20 | 5666.20
4597 | 5666,20 | 5666.20
4598 | 5666,20 | 5666.20
4599 | 10000,00 | 10000.00
4600 | 100000,00 | 100000.00
4601 | 4000,00 | 4000.00
4602 | 15600,00 | 15600.00
4603 | 1800000,00 | 1800000.00
4604 | 60000,00 | 60000.00
4605 | 1800000,00 | 1800000.00
4606 | 12000,00 | 12000.00
4607 | 219998,00 | 219998.00
4608 | 219998,00 | 219998.00
4609 | 42239,85 | 42239.85
4610 | 8447,98 | 8447.98
4611 | 33791,88 | 33791.88
4612 | 150000,00 | 150000.00
4613 | 33791,88 | 33791.88
4614 | 150000,00 | 150000.00
4615 | 14040,00 | 14040.00
4616 | 12994,40 | 12994.40
4617 | 6000,00 | 6000.00
4618 | 1050000,00 | 1050000.00
4619 | 4566,00 | 4566.00
4620 | 33875,00 | 33875.00
4621 | 1379,64 | 1379.64
4622 | 3332,62 | 3332.62
4623 | 11250,00 | 11250.00
4624 | 4563,00 | 4563.00
4625 | 2340,00 | 2340.00
4626 | 2926,00 | 2926.00
4627 | 6826,00 | 6826.00
4628 | 13162,50 | 13162.50
4629 | 1200,00 | 1200.00
4630 | 67500,00 | 67500.00
4631 | 6000,00 | 6000.00
4632 | 20000,00 | 20000.00
4633 | 10000,00 | 10000.00
4634 | 42239,88 | 42239.88
4635 | 150000,00 | 150000.00
4636 | 611944,68 | 611944.68
4637 | 540000,00 | 540000.00
4638 | 25000,00 | 25000.00
4639 | 84525,00 | 84525.00
4640 | 23418,00 | 23418.00
4641 | 6563,75 | 6563.75
4642 | 50730,00 | 50730.00
4643 | 5625,00 | 5625.00
4644 | 9000,00 | 9000.00
4645 | 87500,00 | 87500.00
4646 | 15000,00 | 15000.00
4647 | 10000,00 | 10000.00
4648 | 2700,00 | 2700.00
4649 | 94800,00 | 94800.00
4650 | 1093,75 | 1093.75
4651 | 7455,00 | 7455.00
4652 | 656,25 | 656.25
4653 | 1837,50 | 1837.50
4654 | 22770,00 | 22770.00
4655 | 19320,00 | 19320.00
4656 | 8050,00 | 8050.00
4657 | 3738,00 | 3738.00
4658 | 30000,00 | 30000.00
4659 | 767797,68 | 767797.68
4660 | 62192,29 | 62192.29
4661 | 100000,00 | 100000.00
4662 | 5000,00 | 5000.00
4663 | 1875,00 | 1875.00
4664 | 6000,00 | 6000.00
4665 | 22500,00 | 22500.00
4666 | 6000,00 | 6000.00
4667 | 10000,00 | 10000.00
4668 | 1500,00 | 1500.00
4669 | 2500,00 | 2500.00
4670 | 23700,00 | 23700.00
4671 | 10000,00 | 10000.00
4672 | 1687,50 | 1687.50
4673 | 4725,00 | 4725.00
4674 | 99360,00 | 99360.00
4675 | 10350,00 | 10350.00
4676 | 11214,00 | 11214.00
4677 | 7806,00 | 7806.00
4678 | 16910,00 | 16910.00
4679 | 30000,00 | 30000.00
4680 | 611944,68 | 611944.68
4681 | 60000,00 | 60000.00
4682 | 20304,00 | 20304.00
4683 | 7200000,00 | 7200000.00
4684 | 1200,00 | 1200.00
4685 | 536130,00 | 536130.00
4686 | 155400,00 | 155400.00
4687 | 315000,00 | 315000.00
4688 | 135000,00 | 135000.00
4689 | 60000,00 | 60000.00
4690 | 10350,00 | 10350.00
4691 | 30000,00 | 30000.00
4692 | 600,00 | 600.00
4693 | 619272,00 | 619272.00
4694 | 72000,00 | 72000.00
4695 | 3000,00 | 3000.00
4696 | 75000,00 | 75000.00
4697 | 12000,00 | 12000.00
4698 | 2625,00 | 2625.00
4699 | 1125,00 | 1125.00
4700 | 30000,00 | 30000.00
4701 | 300,00 | 300.00
4702 | 24780,00 | 24780.00
4703 | 183000,00 | 183000.00
4704 | 49560,00 | 49560.00
4705 | 100000,00 | 100000.00
4706 | 7500,00 | 7500.00
4707 | 9000,00 | 9000.00
4708 | 53750,00 | 53750.00
4709 | 6000,00 | 6000.00
4710 | 10000,00 | 10000.00
4711 | 2700,00 | 2700.00
4712 | 5625,00 | 5625.00
4713 | 53325,00 | 53325.00
4714 | 10000,00 | 10000.00
4715 | 1687,50 | 1687.50
4716 | 4725,00 | 4725.00
4717 | 99360,00 | 99360.00
4718 | 10350,00 | 10350.00
4719 | 15612,00 | 15612.00
4720 | 18018,00 | 18018.00
4721 | 50730,00 | 50730.00
4722 | 30000,00 | 30000.00
4723 | 75000,00 | 75000.00
4724 | 45000,00 | 45000.00
4725 | 3000,00 | 3000.00
4726 | 10000,00 | 10000.00
4727 | 2400,00 | 2400.00
4728 | 4625,00 | 4625.00
4729 | 43845,00 | 43845.00
4730 | 1125,00 | 1125.00
4731 | 3150,00 | 3150.00
4732 | 66240,00 | 66240.00
4733 | 6900,00 | 6900.00
4734 | 7806,00 | 7806.00
4735 | 16910,00 | 16910.00
4736 | 5625,00 | 5625.00
4737 | 6000,00 | 6000.00
4738 | 30000,00 | 30000.00
4739 | 6384000,00 | 6384000.00
4740 | 6384000,00 | 6384000.00
4741 | 203981,52 | 203981.52
4742 | 67993,80 | 67993.80
4743 | 67993,80 | 67993.80
4744 | 67993,80 | 67993.80
4745 | 203981,52 | 203981.52
4746 | 203981,52 | 203981.52
4747 | 67993,80 | 67993.80
4748 | 611944,68 | 611944.68
4749 | 5200000,00 | 5200000.00
4750 | 30000,00 | 30000.00
4751 | 1200,00 | 1200.00
4752 | 2200,00 | 2200.00
4753 | 611944,68 | 611944.68
4754 | 5625,00 | 5625.00
4755 | 14400,00 | 14400.00
4756 | 6525,00 | 6525.00
4757 | 449,40 | 449.40
4758 | 852,60 | 852.60
4759 | 5527,50 | 5527.50
4760 | 1105,50 | 1105.50
4761 | 1824,00 | 1824.00
4762 | 1302,00 | 1302.00
4763 | 8700,00 | 8700.00
4764 | 22050,00 | 22050.00
4765 | 24750,00 | 24750.00
4766 | 9900,00 | 9900.00
4767 | 6000,00 | 6000.00
4768 | 150000,00 | 150000.00
4769 | 12300,00 | 12300.00
4770 | 2247,00 | 2247.00
4771 | 4263,00 | 4263.00
4772 | 108000,00 | 108000.00
4773 | 9120,00 | 9120.00
4774 | 129348,00 | 129348.00
4775 | 194022,00 | 194022.00
4776 | 45796,00 | 45796.00
4777 | 55137,00 | 55137.00
4778 | 5790,52 | 5790.52
4779 | 6941,62 | 6941.62
4780 | 1218,00 | 1218.00
4781 | 177474,00 | 177474.00
4782 | 18164,28 | 18164.28
4783 | 6000,00 | 6000.00
4784 | 44999,82 | 44999.82
4785 | 44999,82 | 44999.82
4786 | 44999,82 | 44999.82
4787 | 44999,82 | 44999.82
4788 | 16998,39 | 16998.39
4789 | 16998,39 | 16998.39
4790 | 16998,39 | 16998.39
4791 | 16998,39 | 16998.39
4792 | 5200000,00 | 5200000.00
4793 | -611944,68 | -611944.68
4794 | -611944,68 | -611944.68
4795 | -611944,68 | -611944.68
4796 | 1319988,00 | 1319988.00
4797 | 124655,40 | 124655.40
4798 | 124655,40 | 124655.40
4799 | 1121898,48 | 1121898.48
4800 | 124655,40 | 124655.40
4801 | 83791,88 | 83791.88
4802 | 33791,88 | 33791.88
4803 | 33791,88 | 33791.88
4804 | 150000,00 | 150000.00
4805 | 611944,68 | 611944.68
4806 | 611944,68 | 611944.68
4807 | 611944,68 | 611944.68
4808 | 124655,40 | 124655.40
4809 | 240513,41 | 240513.41
4810 | 1259209,88 | 1259209.88
4811 | 15000,00 | 15000.00
4812 | 27530850,00 | 27530850.00
4813 | 1121898,48 | 1121898.48
4814 | 360000,00 | 360000.00
4815 | 124655,40 | 124655.40
4816 | 124655,40 | 124655.40
4817 | 413062,22 | 413062.22
4818 | 1121898,48 | 1121898.48
4819 | 373966,20 | 373966.20
4820 | 373966,20 | 373966.20
4821 | 17871,72 | 17871.72
4822 | 161516,28 | 161516.28
4823 | 960000,00 | 960000.00
4824 | 142943,91 | 142943.91
4825 | 33791,88 | 33791.88
4826 | 67993,80 | 67993.80
4827 | 2400000,00 | 2400000.00
4828 | 67993,80 | 67993.80
4829 | 2400000,00 | 2400000.00
4830 | 480000,00 | 480000.00
4831 | 67993,80 | 67993.80
4832 | 67993,80 | 67993.80
4833 | 203981,52 | 203981.52
4834 | 540000,00 | 540000.00
4835 | 225000,00 | 225000.00
4836 | 36000,00 | 36000.00
4837 | 12000,00 | 12000.00
4838 | 300000,00 | 300000.00
4839 | 21000,00 | 21000.00
4840 | 480000,00 | 480000.00
4841 | 90000,00 | 90000.00
4842 | 815842,50 | 815842.50
4843 | 4800000,00 | 4800000.00
4844 | 639831,40 | 639831.40
4845 | 60000,00 | 60000.00
4846 | 720000,00 | 720000.00
4847 | 30000,00 | 30000.00
4848 | 0,00 | 0.00
4849 | 15000,00 | 15000.00
4850 | 360000,00 | 360000.00
4851 | 234000,00 | 234000.00
4852 | 600,00 | 600.00
4853 | 4800,00 | 4800.00
4854 | 9000,00 | 9000.00
4855 | 11250,00 | 11250.00
4856 | 72000,00 | 72000.00
4857 | 864000,00 | 864000.00
4858 | 611944,68 | 611944.68
4859 | 1200000,00 | 1200000.00
4860 | 67993,80 | 67993.80
4861 | 864000,00 | 864000.00
4862 | 203981,52 | 203981.52
4863 | 4320000,00 | 4320000.00
4864 | 1632000,00 | 1632000.00
4865 | 203981,52 | 203981.52
4866 | 67993,80 | 67993.80
4867 | 2592000,00 | 2592000.00
4868 | 864000,00 | 864000.00
4869 | 203981,52 | 203981.52
4870 | 864000,00 | 864000.00
4871 | 203981,52 | 203981.52
4872 | 112317,30 | 112317.30
4873 | 124655,40 | 124655.40
4874 | 540000,00 | 540000.00
4875 | 540000,00 | 540000.00
4876 | 540000,00 | 540000.00
4877 | 540000,00 | 540000.00
4878 | 373966,20 | 373966.20
4879 | 409299,60 | 409299.60
4880 | 540000,00 | 540000.00
4881 | 409299,60 | 409299.60
4882 | 1200000,00 | 1200000.00
4883 | 203981,51 | 203981.51
4884 | 3960000,00 | 3960000.00
4885 | 611944,56 | 611944.56
4886 | 2400009,96 | 2400009.96
4887 | 504191,64 | 504191.64
4888 | 720000,00 | 720000.00
4889 | 504191,64 | 504191.64
4890 | 101990,78 | 101990.78
4891 | 203981,40 | 203981.40
4892 | 48000,00 | 48000.00
4893 | 124655,40 | 124655.40
4894 | 413062,22 | 413062.22
4895 | 540000,00 | 540000.00
4896 | 540000,00 | 540000.00
4897 | 124655,40 | 124655.40
4898 | 347948,66 | 347948.66
4899 | 540000,00 | 540000.00
4900 | 124655,40 | 124655.40
4901 | 540000,00 | 540000.00
4902 | 540000,00 | 540000.00
4903 | 124655,40 | 124655.40
4904 | 100000,00 | 100000.00
4905 | 10800000,00 | 10800000.00
4906 | 203981,52 | 203981.52
4907 | 540000,00 | 540000.00
4908 | 943707,60 | 943707.60
4909 | 203981,52 | 203981.52
4910 | 864000,00 | 864000.00
4911 | 101990,78 | 101990.78
4912 | 611944,56 | 611944.56
4913 | 1200000,00 | 1200000.00
4914 | 180000,00 | 180000.00
4915 | 126047,91 | 126047.91
4916 | 33996,92 | 33996.92
4917 | 144000,00 | 144000.00
4918 | 50000,00 | 50000.00
4919 | 48000,00 | 48000.00
4920 | 203981,52 | 203981.52
4921 | 124655,40 | 124655.40
4922 | 611944,68 | 611944.68
4923 | 135987,60 | 135987.60
4924 | 26100,00 | 26100.00
4925 | 1560000,00 | 1560000.00
4926 | 203981,52 | 203981.52
4927 | 67993,80 | 67993.80
4928 | 203981,52 | 203981.52
4929 | 203981,52 | 203981.52
4930 | 67993,80 | 67993.80
4931 | 15000,00 | 15000.00
4932 | 373966,20 | 373966.20
4933 | 115550,02 | 115550.02
4934 | 655577,73 | 655577.73
4935 | 124655,40 | 124655.40
4936 | 124655,40 | 124655.40
4937 | 373966,20 | 373966.20
4938 | -921863,68 | -921863.68
4939 | 46413,23 | 46413.23
4940 | 203981,52 | 203981.52
4941 | 203981,52 | 203981.52
4942 | 203981,52 | 203981.52
4943 | 203981,52 | 203981.52
4944 | 203981,52 | 203981.52
4945 | 203981,52 | 203981.52
4946 | 3324718,80 | 3324718.80
4947 | 92666,40 | 92666.40
4948 | 67993,80 | 67993.80
4949 | 67993,80 | 67993.80
4950 | -203981,52 | -203981.52
4951 | 67993,80 | 67993.80
4952 | -203981,52 | -203981.52
4953 | 444830,33 | 444830.33
4954 | 921863,68 | 921863.68
4955 | 921863,68 | 921863.68
4956 | 203981,52 | 203981.52
4957 | 203981,52 | 203981.52
4958 | 67993,80 | 67993.80
4959 | 203981,52 | 203981.52
4960 | 180000,00 | 180000.00
4961 | 126047,91 | 126047.91
4962 | 5666,20 | 5666.20
4963 | 5666,20 | 5666.20
4964 | 5666,20 | 5666.20
4965 | 5666,20 | 5666.20
4966 | 30000,00 | 30000.00
4967 | 160000,00 | 160000.00
4968 | 44801,02 | 44801.02
4969 | 30000,00 | 30000.00
4970 | 15000,00 | 15000.00
4971 | 16998,39 | 16998.39
4972 | 16998,39 | 16998.39
4973 | 16998,39 | 16998.39
4974 | 16998,39 | 16998.39
4975 | 41048,63 | 41048.63
4976 | 57832,50 | 57832.50
4977 | 660000,00 | 660000.00
4978 | 378143,73 | 378143.73
4979 | 60000,00 | 60000.00
4980 | 42015,97 | 42015.97
4981 | 520000,00 | 520000.00
4982 | 50995,19 | 50995.19
4983 | 50995,19 | 50995.19
4984 | 50995,19 | 50995.19
4985 | 180000,00 | 180000.00
4986 | 126047,91 | 126047.91
4987 | 298000,00 | 298000.00
4988 | 131750,00 | 131750.00
4989 | 55035,53 | 55035.53
4990 | 18750,00 | 18750.00
4991 | 4655000,00 | 4655000.00
4992 | 787800,00 | 787800.00
4993 | 18750,00 | 18750.00
4994 | 415700,00 | 415700.00
4995 | 614223,70 | 614223.70
4996 | 18750,00 | 18750.00
4997 | 90000,00 | 90000.00
4998 | 40000,00 | 40000.00
4999 | 90000,00 | 90000.00
5000 | 40000,00 | 40000.00
5001 | 180000,00 | 180000.00
5002 | 126047,91 | 126047.91
5003 | 38624,39 | 38624.39
5004 | 60000,00 | 60000.00
5005 | 42015,97 | 42015.97
5006 | 90000,00 | 90000.00
5007 | 40000,00 | 40000.00
5008 | 132036,96 | 132036.96
5009 | 90000,00 | 90000.00
5010 | 40000,00 | 40000.00
5011 | 180000,00 | 180000.00
5012 | 126047,91 | 126047.91
5013 | 180000,00 | 180000.00
5014 | 126047,91 | 126047.91
5015 | 269998,92 | 269998.92
5016 | 90000,00 | 90000.00
5017 | 40000,00 | 40000.00
5018 | 168000,00 | 168000.00
5019 | 106600,00 | 106600.00
5020 | 50000,00 | 50000.00
5021 | 60000,00 | 60000.00
5022 | 42015,97 | 42015.97
5023 | 60000,00 | 60000.00
5024 | 61000,00 | 61000.00
5025 | 30000,00 | 30000.00
5026 | 30000,00 | 30000.00
5027 | 50995,80 | 50995.80
5028 | 90000,00 | 90000.00
5029 | 40000,00 | 40000.00
5030 | 18201059,87 | 18201059.87
5031 | 124655,40 | 124655.40
5032 | 90000,00 | 90000.00
5033 | 40000,00 | 40000.00
5034 | 67993,80 | 67993.80
5035 | 60000,00 | 60000.00
5036 | 42015,97 | 42015.97
5037 | 16998,60 | 16998.60
5038 | 16998,60 | 16998.60
5039 | 16998,60 | 16998.60
5040 | 16998,60 | 16998.60
5041 | -504191,64 | -504191.64
5042 | -720000,00 | -720000.00
5043 | 28933,45 | 28933.45
5044 | 67993,84 | 67993.84
5045 | 180000,00 | 180000.00
5046 | 124655,40 | 124655.40
5047 | 60002,64 | 60002.64
5048 | 42017,84 | 42017.84
5049 | 35289,43 | 35289.43
5050 | 504191,64 | 504191.64
5051 | 720000,00 | 720000.00
5052 | 16989,23 | 16989.23
5053 | 45001,98 | 45001.98
5054 | 30001,32 | 30001.32
5055 | 186991,35 | 186991.35
5056 | 42015,80 | 42015.80
5057 | 59999,76 | 59999.76
5058 | 42015,80 | 42015.80
5059 | 59999,76 | 59999.76
5060 | 22664,60 | 22664.60
5061 | -263062,22 | -263062.22
5062 | -203981,40 | -203981.40
5063 | -150000,00 | -150000.00
5064 | -540000,00 | -540000.00
5065 | 182700,00 | 182700.00
5066 | 2425072,80 | 2425072.80
5067 | 189714,69 | 189714.69
5068 | 93258,82 | 93258.82
5069 | 64682,18 | 64682.18
5070 | 9855,68 | 9855.68
5071 | 33641,00 | 33641.00
5072 | 263062,22 | 263062.22
5073 | 203981,40 | 203981.40
5074 | 150000,00 | 150000.00
5075 | 540000,00 | 540000.00
5076 | 33791,88 | 33791.88
5077 | 203981,40 | 203981.40
5078 | 150000,00 | 150000.00
5079 | 540000,00 | 540000.00
5080 | 263062,22 | 263062.22
5081 | 203981,40 | 203981.40
5082 | 150000,00 | 150000.00
5083 | 540000,00 | 540000.00
5084 | 33791,88 | 33791.88
5085 | 203981,40 | 203981.40
5086 | 150000,00 | 150000.00
5087 | 540000,00 | 540000.00
5088 | 101990,76 | 101990.76
5089 | 270000,00 | 270000.00
5090 | 373966,20 | 373966.20
5091 | 33791,88 | 33791.88
5092 | 150000,00 | 150000.00
5093 | 540000,00 | 540000.00
5094 | -33791,88 | -33791.88
5095 | -203981,40 | -203981.40
5096 | -150000,00 | -150000.00
5097 | -540000,00 | -540000.00
5098 | 150000,00 | 150000.00
5099 | 263062,22 | 263062.22
5100 | 203981,40 | 203981.40
5101 | 540000,00 | 540000.00
5102 | 202255,00 | 202255.00
5103 | 33791,88 | 33791.88
5104 | 203981,40 | 203981.40
5105 | 150000,00 | 150000.00
5106 | 540000,00 | 540000.00
5107 | 5666,15 | 5666.15
5108 | 100000,00 | 100000.00
5109 | 1349,99 | 1349.99
5110 | 1349,99 | 1349.99
5111 | 1349,99 | 1349.99
5112 | 1350,11 | 1350.11
5113 | 33791,88 | 33791.88
5114 | 150000,00 | 150000.00
5115 | 203981,40 | 203981.40
5116 | 540000,00 | 540000.00
5117 | 263062,22 | 263062.22
5118 | 150000,00 | 150000.00
5119 | 203981,40 | 203981.40
5120 | 540000,00 | 540000.00
5121 | 10000,00 | 10000.00
5122 | 12000,00 | 12000.00
5123 | 2483,32 | 2483.32
5124 | 2224,99 | 2224.99
5125 | 2483,32 | 2483.32
5126 | 2224,99 | 2224.99
5127 | 2483,32 | 2483.32
5128 | 2224,99 | 2224.99
5129 | 2483,32 | 2483.32
5130 | 2224,99 | 2224.99
5131 | 67993,80 | 67993.80
5132 | 8999,96 | 8999.96
5133 | 8999,96 | 8999.96
5134 | 8999,96 | 8999.96
5135 | 8999,96 | 8999.96
5136 | -33791,88 | -33791.88
5137 | -150000,00 | -150000.00
5138 | -203981,40 | -203981.40
5139 | -540000,00 | -540000.00
5140 | 11503,90 | 11503.90
5141 | -263062,22 | -263062.22
5142 | -150000,00 | -150000.00
5143 | -203981,40 | -203981.40
5144 | -540000,00 | -540000.00
5145 | 67993,80 | 67993.80
5146 | 1200000,00 | 1200000.00
5147 | 52127,79 | 52127.79
5148 | 45000,00 | 45000.00
5149 | 16998,46 | 16998.46
5150 | 45000,00 | 45000.00
5151 | 16998,46 | 16998.46
5152 | 45000,00 | 45000.00
5153 | 16998,46 | 16998.46
5154 | 18000,00 | 18000.00
5155 | 12000,00 | 12000.00
5156 | -8999,96 | -8999.96
5157 | -8999,96 | -8999.96
5158 | -8999,96 | -8999.96
5159 | -8999,96 | -8999.96
5160 | 263062,22 | 263062.22
5161 | 611944,68 | 611944.68
5162 | 16998,45 | 16998.45
5163 | 16998,45 | 16998.45
5164 | 203981,52 | 203981.52
5165 | 203981,52 | 203981.52
5166 | 67993,80 | 67993.80
5167 | 203981,52 | 203981.52
5168 | 67993,80 | 67993.80
5169 | 60000,00 | 60000.00
5170 | 13900,00 | 13900.00
5171 | 31600,00 | 31600.00
5172 | 203981,52 | 203981.52
5173 | 263062,24 | 263062.24
5174 | 422625,00 | 422625.00
5175 | 54054,00 | 54054.00
5176 | 37950,00 | 37950.00
5177 | 43125,00 | 43125.00
5178 | 502500,00 | 502500.00
5179 | 15000,00 | 15000.00
5180 | 30000,00 | 30000.00
5181 | 7200,00 | 7200.00
5182 | 489600,00 | 489600.00
5183 | 33000,00 | 33000.00
5184 | 60000,00 | 60000.00
5185 | 29880,00 | 29880.00
5186 | 2604,00 | 2604.00
5187 | 33791,88 | 33791.88
5188 | 16690,82 | 16690.82
5189 | 70701,12 | 70701.12
5190 | 11652,00 | 11652.00
5191 | 4800,00 | 4800.00
5192 | 4162,50 | 4162.50
5193 | 9712,50 | 9712.50
5194 | 13329,00 | 13329.00
5195 | 204240,00 | 204240.00
5196 | 25530,00 | 25530.00
5197 | 369495,00 | 369495.00
5198 | 4620,00 | 4620.00
5199 | 182160,00 | 182160.00
5200 | 22770,00 | 22770.00
5201 | 72072,00 | 72072.00
5202 | 75900,00 | 75900.00
5203 | 43125,00 | 43125.00
5204 | 87000,00 | 87000.00
5205 | 6000,00 | 6000.00
5206 | 6000,00 | 6000.00
5207 | 2400,00 | 2400.00
5208 | 35856,00 | 35856.00
5209 | 79200,00 | 79200.00
5210 | 45000,00 | 45000.00
5211 | 30000,00 | 30000.00
5212 | 1302,00 | 1302.00
5213 | 5826,00 | 5826.00
5214 | 2400,00 | 2400.00
5215 | 3712,50 | 3712.50
5216 | 8662,50 | 8662.50
5217 | 17772,00 | 17772.00
5218 | 60000,00 | 60000.00
5219 | 91713,00 | 91713.00
